_id	admin_level	confirmed	confirmed_numIncrease	confirmed_numIncrease_per_100k	confirmed_per_100k	confirmed_rolling	confirmed_rolling_per_100k	country_name	date	dead	dead_numIncrease	dead_numIncrease_per_100k	dead_per_100k	dead_rolling	dead_rolling_per_100k	location_id	mostRecent	name	recovered	recovered_numIncrease_per_100k	recovered_per_100k	recovered_rolling	recovered_rolling_per_100k	testing_positive	testing_totalTestResults	testing_positivity	source	confirmed_doublingRate	daysSince100Cases	dead_doublingRate	daysSince10Deaths	daysSince50Deaths
"BEL_2020-02-04"	0	1	1	0.008702200769170122	0.008702200769170122	0.25	0.0021755501922925305	"Belgium"	"2020-02-04"	0	0	0	0	0	0	"BEL"	false	"Belgium"	0	0	0	0	0	0	0		"JHU COVID-19 Data Repository"					
"BEL_2020-02-05"	0	1	0	0	0.008702200769170122	0.2	0.0017404401538340243	"Belgium"	"2020-02-05"	0	0	0	0	0	0	"BEL"	false	"Belgium"	0	0	0	0	0	0	0		"JHU COVID-19 Data Repository"					
"BEL_2020-02-06"	0	1	0	0	0.008702200769170122	0.16666666666666666	0.001450366794861687	"Belgium"	"2020-02-06"	0	0	0	0	0	0	"BEL"	false	"Belgium"	0	0	0	0	0	0	0		"JHU COVID-19 Data Repository"					
"BEL_2020-02-07"	0	1	0	0	0.008702200769170122	0.14285714285714285	0.0012431715384528745	"Belgium"	"2020-02-07"	0	0	0	0	0	0	"BEL"	false	"Belgium"	0	0	0	0	0	0	0		"JHU COVID-19 Data Repository"					
"BEL_2020-02-08"	0	1	0	0	0.008702200769170122	0	0	"Belgium"	"2020-02-08"	0	0	0	0	0	0	"BEL"	false	"Belgium"	0	0	0	0	0	0	0		"JHU COVID-19 Data Repository"					
"BEL_2020-02-09"	0	1	0	0	0.008702200769170122	0	0	"Belgium"	"2020-02-09"	0	0	0	0	0	0	"BEL"	false	"Belgium"	0	0	0	0	0	0	0		"JHU COVID-19 Data Repository"					
"BEL_2020-02-10"	0	1	0	0	0.008702200769170122	0	0	"Belgium"	"2020-02-10"	0	0	0	0	0	0	"BEL"	false	"Belgium"	0	0	0	0	0	0	0		"JHU COVID-19 Data Repository"					
"BEL_2020-02-11"	0	1	0	0	0.008702200769170122	0	0	"Belgium"	"2020-02-11"	0	0	0	0	0	0	"BEL"	false	"Belgium"	0	0	0	0	0	0	0		"JHU COVID-19 Data Repository"					
"BEL_2020-02-12"	0	1	0	0	0.008702200769170122	0	0	"Belgium"	"2020-02-12"	0	0	0	0	0	0	"BEL"	false	"Belgium"	0	0	0	0	0	0	0		"JHU COVID-19 Data Repository"					
"BEL_2020-02-13"	0	1	0	0	0.008702200769170122	0	0	"Belgium"	"2020-02-13"	0	0	0	0	0	0	"BEL"	false	"Belgium"	0	0	0	0	0	0	0		"JHU COVID-19 Data Repository"					
"BEL_2020-02-14"	0	1	0	0	0.008702200769170122	0	0	"Belgium"	"2020-02-14"	0	0	0	0	0	0	"BEL"	false	"Belgium"	0	0	0	0.14285714285714285	0.0012431715384528745	0	0		"JHU COVID-19 Data Repository"					
"BEL_2020-02-15"	0	1	0	0	0.008702200769170122	0	0	"Belgium"	"2020-02-15"	0	0	0	0	0	0	"BEL"	false	"Belgium"	0	0	0	0.14285714285714285	0.0012431715384528745	0	0		"JHU COVID-19 Data Repository"					
"BEL_2020-02-16"	0	1	0	0	0.008702200769170122	0	0	"Belgium"	"2020-02-16"	0	0	0	0	0	0	"BEL"	false	"Belgium"	0	0	0	0.14285714285714285	0.0012431715384528745	0	0		"JHU COVID-19 Data Repository"					
"BEL_2020-02-17"	0	1	0	0	0.008702200769170122	0	0	"Belgium"	"2020-02-17"	0	0	0	0	0	0	"BEL"	false	"Belgium"	1	0.008702200769170122	0.008702200769170122	0.14285714285714285	0.0012431715384528745	0	0		"JHU COVID-19 Data Repository"					
"BEL_2020-02-18"	0	1	0	0	0.008702200769170122	0	0	"Belgium"	"2020-02-18"	0	0	0	0	0	0	"BEL"	false	"Belgium"	1	0	0.008702200769170122	0.14285714285714285	0.0012431715384528745	0	0		"JHU COVID-19 Data Repository"					
"BEL_2020-02-19"	0	1	0	0	0.008702200769170122	0	0	"Belgium"	"2020-02-19"	0	0	0	0	0	0	"BEL"	false	"Belgium"	1	0	0.008702200769170122	0.14285714285714285	0.0012431715384528745	0	0		"JHU COVID-19 Data Repository"					
"BEL_2020-02-20"	0	1	0	0	0.008702200769170122	0	0	"Belgium"	"2020-02-20"	0	0	0	0	0	0	"BEL"	false	"Belgium"	1	0	0.008702200769170122	0.14285714285714285	0.0012431715384528745	0	0		"JHU COVID-19 Data Repository"					
"BEL_2020-02-21"	0	1	0	0	0.008702200769170122	0	0	"Belgium"	"2020-02-21"	0	0	0	0	0	0	"BEL"	false	"Belgium"	1	0	0.008702200769170122	0	0	0	0		"JHU COVID-19 Data Repository"					
"BEL_2020-02-22"	0	1	0	0	0.008702200769170122	0	0	"Belgium"	"2020-02-22"	0	0	0	0	0	0	"BEL"	false	"Belgium"	1	0	0.008702200769170122	0	0	0	0		"JHU COVID-19 Data Repository"					
"BEL_2020-02-23"	0	1	0	0	0.008702200769170122	0	0	"Belgium"	"2020-02-23"	0	0	0	0	0	0	"BEL"	false	"Belgium"	1	0	0.008702200769170122	0	0	0	0		"JHU COVID-19 Data Repository"					
"BEL_2020-02-24"	0	1	0	0	0.008702200769170122	0	0	"Belgium"	"2020-02-24"	0	0	0	0	0	0	"BEL"	false	"Belgium"	1	0	0.008702200769170122	0	0	0	0		"JHU COVID-19 Data Repository"					
"BEL_2020-02-25"	0	1	0	0	0.008702200769170122	0	0	"Belgium"	"2020-02-25"	0	0	0	0	0	0	"BEL"	false	"Belgium"	1	0	0.008702200769170122	0	0	0	0		"JHU COVID-19 Data Repository"					
"BEL_2020-02-26"	0	1	0	0	0.008702200769170122	0	0	"Belgium"	"2020-02-26"	0	0	0	0	0	0	"BEL"	false	"Belgium"	1	0	0.008702200769170122	0	0	0	0		"JHU COVID-19 Data Repository"					
"BEL_2020-02-27"	0	1	0	0	0.008702200769170122	0.14285714285714285	0.0012431715384528745	"Belgium"	"2020-02-27"	0	0	0	0	0	0	"BEL"	false	"Belgium"	1	0	0.008702200769170122	0	0	0	0		"JHU COVID-19 Data Repository"					
"BEL_2020-02-28"	0	1	0	0	0.008702200769170122	1	0.008702200769170122	"Belgium"	"2020-02-28"	0	0	0	0	0	0	"BEL"	false	"Belgium"	1	0	0.008702200769170122	0	0	0	0		"JHU COVID-19 Data Repository"					
"BEL_2020-02-29"	0	1	0	0	0.008702200769170122	1.7142857142857142	0.014918058461434494	"Belgium"	"2020-02-29"	0	0	0	0	0	0	"BEL"	false	"Belgium"	1	0	0.008702200769170122	0	0	0	0		"JHU COVID-19 Data Repository"					
"BEL_2020-03-01"	0	2	1	0.008702200769170122	0.017404401538340244	3.142857142857143	0.027349773845963238	"Belgium"	"2020-03-01"	0	0	0	0	0	0	"BEL"	false	"Belgium"	1	0	0.008702200769170122	0	0	0	0		"JHU COVID-19 Data Repository"	4.987				
"BEL_2020-03-02"	0	8	6	0.05221320461502073	0.06961760615336098	7	0.06091540538419085	"Belgium"	"2020-03-02"	0	0	0	0	0	0	"BEL"	false	"Belgium"	1	0	0.008702200769170122	0	0	0	0		"JHU COVID-19 Data Repository"	1.429				
"BEL_2020-03-03"	0	13	5	0.04351100384585061	0.1131286099992116	15.428571428571429	0.13426252615291046	"Belgium"	"2020-03-03"	0	0	0	0	0	0	"BEL"	false	"Belgium"	1	0	0.008702200769170122	0	0	0	0		"JHU COVID-19 Data Repository"	0.961				
"BEL_2020-03-04"	0	23	10	0.08702200769170122	0.20015061769091277	24	0.2088528184600829	"Belgium"	"2020-03-04"	0	0	0	0	0	0	"BEL"	false	"Belgium"	1	0	0.008702200769170122	0	0	0	0		"JHU COVID-19 Data Repository"	0.852				
"BEL_2020-03-05"	0	50	27	0.2349594207675933	0.4351100384585061	28.285714285714285	0.24614796461366914	"Belgium"	"2020-03-05"	0	0	0	0	0	0	"BEL"	false	"Belgium"	1	0	0.008702200769170122	0	0	0	0		"JHU COVID-19 Data Repository"	0.925				
"BEL_2020-03-06"	0	109	59	0.5134298453810372	0.9485398838395432	33	0.287172625382614	"Belgium"	"2020-03-06"	0	0	0	0	0	0	"BEL"	false	"Belgium"	1	0	0.008702200769170122	0	0	0	0		"JHU COVID-19 Data Repository"	1.055	0.153			
"BEL_2020-03-07"	0	169	60	0.5221320461502073	1.4706719299897506	36.285714285714285	0.3157655707670301	"Belgium"	"2020-03-07"	0	0	0	0	0	0	"BEL"	false	"Belgium"	1	0	0.008702200769170122	0	0	0	0		"JHU COVID-19 Data Repository"	1.036	1.153			
"BEL_2020-03-08"	0	200	31	0.26976822384427374	1.7404401538340244	41.57142857142857	0.36176291768978647	"Belgium"	"2020-03-08"	0	0	0	0	0.42857142857142855	0.0037295146153586236	"BEL"	false	"Belgium"	1	0	0.008702200769170122	0	0	0	0		"JHU COVID-19 Data Repository"	1.251	2.153			
"BEL_2020-03-09"	0	239	39	0.3393858299976348	2.079825983831659	37.714285714285715	0.32819728615155885	"Belgium"	"2020-03-09"	0	0	0	0	0.42857142857142855	0.0037295146153586236	"BEL"	false	"Belgium"	1	0	0.008702200769170122	0	0	0	0		"JHU COVID-19 Data Repository"	1.853	3.153			
"BEL_2020-03-10"	0	267	28	0.2436616215367634	2.3234876053684226	64.28571428571429	0.5594271923037936	"Belgium"	"2020-03-10"	0	0	0	0	0.42857142857142855	0.0037295146153586236	"BEL"	false	"Belgium"	1	0	0.008702200769170122	0	0	0	0		"JHU COVID-19 Data Repository"	3.239	4.153			
"BEL_2020-03-11"	0	314	47	0.4090034361509957	2.732491041519418	74.28571428571429	0.6464491999954949	"Belgium"	"2020-03-11"	3	3	0.026106602307510364	0.026106602307510364	0.5714285714285714	0.004972686153811498	"BEL"	false	"Belgium"	1	0	0.008702200769170122	0	0	0	0		"JHU COVID-19 Data Repository"	4.53	5.153			
"BEL_2020-03-12"	0	314	0	0	2.732491041519418	98	0.8528156753786719	"Belgium"	"2020-03-12"	3	0	0	0.026106602307510364	0.5714285714285714	0.004972686153811498	"BEL"	false	"Belgium"	1	0	0.008702200769170122	0	0	0	0		"JHU COVID-19 Data Repository"	5.874	6.153			
"BEL_2020-03-13"	0	559	245	2.13203918844668	4.864530229966098	117	1.0181574899929042	"Belgium"	"2020-03-13"	3	0	0	0.026106602307510364	0.7142857142857143	0.006215857692264373	"BEL"	false	"Belgium"	1	0	0.008702200769170122	0	0	0	0		"JHU COVID-19 Data Repository"	3.727	7.153			
"BEL_2020-03-14"	0	689	130	1.1312860999921157	5.995816329958214	139.42857142857142	1.2133354215300054	"Belgium"	"2020-03-14"	4	1	0.008702200769170122	0.03480880307668049	1.4285714285714286	0.012431715384528747	"BEL"	false	"Belgium"	1	0	0.008702200769170122	0	0	0	0		"JHU COVID-19 Data Repository"	2.806	8.153	8.06		
"BEL_2020-03-15"	0	886	197	1.714333551526514	7.710149881484727	167.42857142857142	1.456997043066769	"Belgium"	"2020-03-15"	4	0	0	0.03480880307668049	1.5714285714285714	0.013674886922981619	"BEL"	false	"Belgium"	1	0	0.008702200769170122	4.285714285714286	0.037295146153586235	0	0		"JHU COVID-19 Data Repository"	2.424	9.153	8.06		
"BEL_2020-03-16"	0	1058	172	1.4967785322972609	9.206928413781988	211.57142857142858	1.8411370484487073	"Belgium"	"2020-03-16"	5	1	0.008702200769170122	0.04351100384585061	2.5714285714285716	0.022377087692151743	"BEL"	false	"Belgium"	1	0	0.008702200769170122	4.285714285714286	0.037295146153586235	0	0		"JHU COVID-19 Data Repository"	2.398	10.153	5.291		
"BEL_2020-03-17"	0	1243	185	1.6099071422964724	10.81683555607846	242.57142857142858	2.110905272292981	"Belgium"	"2020-03-17"	10	5	0.04351100384585061	0.08702200769170122	4.857142857142857	0.04226783230739773	"BEL"	false	"Belgium"	1	0	0.008702200769170122	5	0.04351100384585061	0	0		"JHU COVID-19 Data Repository"	3.415	11.153	2.636	0	
"BEL_2020-03-18"	0	1486	243	2.1146347869083395	12.9314703429868	303.7142857142857	2.642982690750811	"Belgium"	"2020-03-18"	14	4	0.03480880307668049	0.1218308107683817	9	0.0783198069225311	"BEL"	false	"Belgium"	31	0.2610660230751036	0.26976822384427374	48.666666666666664	0.42350710409961256	0	0		"JHU COVID-19 Data Repository"	3.687	12.153	2.027	1	
"BEL_2020-03-19"	0	1795	309	2.6889800376735677	15.620450380660367	359.2857142857143	3.1265764192089796	"Belgium"	"2020-03-19"	21	7	0.06091540538419085	0.18274621615257255	10.142857142857142	0.08826517923015409	"BEL"	false	"Belgium"	31	0	0.26976822384427374	48.666666666666664	0.42350710409961256	0	0		"JHU COVID-19 Data Repository"	3.961	13.153	1.593	2	
"BEL_2020-03-20"	0	2257	462	4.020416755356596	19.640867136016965	383.57142857142856	3.337915580745968	"Belgium"	"2020-03-20"	37	16	0.13923521230672195	0.3219814284592945	11.857142857142858	0.10318323769158859	"BEL"	false	"Belgium"	1	-0.2610660230751036	0.008702200769170122	71.66666666666667	0.6236577217905254	0	0		"JHU COVID-19 Data Repository"	3.687	14.153	1.462	3	
"BEL_2020-03-21"	0	2815	558	4.855828029196928	24.496695165213893	432.2857142857143	3.761837075358398	"Belgium"	"2020-03-21"	67	30	0.2610660230751036	0.5830474515343981	16	0.13923521230672195	"BEL"	false	"Belgium"	263	2.2799766015225718	2.288678802291742	81.66666666666667	0.7106797294822267	0	0		"JHU COVID-19 Data Repository"	3.381	15.153	1.45	4	0.567
"BEL_2020-03-22"	0	3401	586	5.099489650733691	29.596184815947584	493	4.29018497920087	"Belgium"	"2020-03-22"	75	8	0.06961760615336098	0.6526650576877592	23.428571428571427	0.2038801323062714	"BEL"	false	"Belgium"	263	0	2.288678802291742	91	0.791900269994481	0	0		"JHU COVID-19 Data Repository"	3.285	16.153	1.534	5	1.567
"BEL_2020-03-23"	0	3743	342	2.9761526630561814	32.572337479003764	634.2857142857143	5.519681630730763	"Belgium"	"2020-03-23"	88	13	0.1131286099992116	0.7657936676869707	28.428571428571427	0.24739113615212202	"BEL"	false	"Belgium"	401	1.2009037061454768	3.4895825084372185	112.33333333333333	0.9775472197367768	0	0		"JHU COVID-19 Data Repository"	3.687	17.153	1.942	6	2.567
"BEL_2020-03-24"	0	4269	526	4.577357604583484	37.149695083587254	718.1428571428571	6.249423323802599	"Belgium"	"2020-03-24"	122	34	0.2958748261517841	1.0616684938387548	36	0.3132792276901244	"BEL"	false	"Belgium"	461	0.5221320461502073	4.011714554587426	122.42857142857143	1.0653980084541135	0	0		"JHU COVID-19 Data Repository"	4.443	18.153	2.606	7	3.567
"BEL_2020-03-25"	0	4937	668	5.813070113805641	42.96276519739289	902.7142857142857	7.855600951483713	"Belgium"	"2020-03-25"	178	56	0.4873232430735268	1.5489917369122814	40.857142857142854	0.35554705999752206	"BEL"	false	"Belgium"	547	0.7483892661486304	4.760103820736057	114.28571428571429	0.9945372307622996	0	0		"JHU COVID-19 Data Repository"	5.134	19.153	2.841	8	4.567
"BEL_2020-03-26"	0	6235	1298	11.295456598382819	54.25822179577571	1062.142857142857	9.242980388397122	"Belgium"	"2020-03-26"	220	42	0.3654924323051451	1.9144841692174266	50.857142857142854	0.44256906768922327	"BEL"	false	"Belgium"	675	1.1138816984537756	5.873985519189833	156.57142857142858	1.3625160061443506	0	0		"JHU COVID-19 Data Repository"	4.652	20.153	2.424	9	5.567
"BEL_2020-03-27"	0	7284	1049	9.128608606859457	63.38683040263516	1165.142857142857	10.139307067621646	"Belgium"	"2020-03-27"	289	69	0.6004518530727384	2.514936022290165	60.714285714285715	0.5283479038424717	"BEL"	false	"Belgium"	858	1.5925027407581323	7.4664882599479645	160.85714285714286	1.3998111522979368	0	0		"JHU COVID-19 Data Repository"	4.053	21.153	2.334	10	6.567
"BEL_2020-03-28"	0	9134	1850	16.099071422964727	79.4859018255999	1215.142857142857	10.574417106080151	"Belgium"	"2020-03-28"	353	64	0.5569408492268878	3.0718768715170532	83.28571428571429	0.7247690069180259	"BEL"	false	"Belgium"	1063	1.7839511576798748	9.250439417627838	176.42857142857142	1.5353168499893	0	0		"JHU COVID-19 Data Repository"	3.629	22.153	2.656	11	7.567
"BEL_2020-03-29"	0	10836	1702	14.811145709127548	94.29704753472744	1289.5714285714287	11.222109477614099	"Belgium"	"2020-03-29"	431	78	0.6787716599952696	3.750648531512322	92.85714285714286	0.8080614999943685	"BEL"	false	"Belgium"	1359	2.575851427674356	11.826290845302196	226.42857142857142	1.970426888447806	0	0		"JHU COVID-19 Data Repository"	3.555	23.153	3.094	12	8.567
"BEL_2020-03-30"	0	11899	1063	9.250439417627838	103.54748695235527	1301.857142857143	11.329022229921046	"Belgium"	"2020-03-30"	513	82	0.71358046307195	4.464228994584272	113	0.9833486869162237	"BEL"	false	"Belgium"	1527	1.4619697292205804	13.288260574522775	260	2.2625721999842314	0	0		"JHU COVID-19 Data Repository"	4.101	24.153	3.316	13	9.567
"BEL_2020-03-31"	0	12775	876	7.623127873793027	111.1706148261483	1355.142857142857	11.792725213763967	"Belgium"	"2020-03-31"	705	192	1.6708225476806633	6.135051542264936	122	1.0616684938387548	"BEL"	false	"Belgium"	1696	1.4706719299897506	14.758932504512526	287.7142857142857	2.5037474784440894	0	0		"JHU COVID-19 Data Repository"	4.987	25.153	3.209	14	10.567
"BEL_2020-04-01"	0	13964	1189	10.346916714543275	121.51753154069158	1328.142857142857	11.557765792996374	"Belgium"	"2020-04-01"	828	123	1.070370694607925	7.205422236872861	132.85714285714286	1.1561495307611733	"BEL"	false	"Belgium"	2132	3.794159535358173	18.5530920398707	312	2.7150866399810782	0	0	0	"JHU COVID-19 Data Repository"	6.863	26.153	3.151	15	11.567
"BEL_2020-04-02"	0	15348	1384	12.043845864531448	133.56137740522303	1265	11.008283973000204	"Belgium"	"2020-04-02"	1011	183	1.5925027407581323	8.797924977630993	145.14285714285714	1.2630622830681204	"BEL"	false	"Belgium"	2495	3.158898879208754	21.711990919079454	341.7142857142857	2.973666319979276	0	0	0	"JHU COVID-19 Data Repository"	8.06	27.153	3.18	16	12.567
"BEL_2020-04-03"	0	16770	1422	12.374529493759914	145.93590689898295	1273.5714285714287	11.082874265307376	"Belgium"	"2020-04-03"	1143	132	1.148690501530456	9.94661547916145	159.85714285714286	1.3911089515287667	"BEL"	false	"Belgium"	2872	3.2807296899771354	24.992720609056587	351.2857142857143	3.0569588130556182	0	0	0	"JHU COVID-19 Data Repository"	7.967	28.153	3.536	17	13.567
"BEL_2020-04-04"	0	18431	1661	14.454355477591573	160.39026237657453	1345.5714285714287	11.709432720687627	"Belgium"	"2020-04-04"	1283	140	1.218308107683817	11.164923586845266	190	1.653418146142323	"BEL"	false	"Belgium"	3247	3.2633252884387955	28.256045897495387	351.57142857142856	3.0594451561325244	0	0	0	"JHU COVID-19 Data Repository"	7.534	29.153	4.56	18	14.567
"BEL_2020-04-05"	0	19691	1260	10.964772969154353	171.35503534572888	1348.4285714285713	11.734296151456682	"Belgium"	"2020-04-05"	1447	164	1.4271609261439	12.592084512989164	201.71428571428572	1.755358212295459	"BEL"	false	"Belgium"	3751	4.385909187661741	32.64195508515713	364.14285714285717	3.1688442515163775	0	0	0	"JHU COVID-19 Data Repository"	7.967	30.153	5.134	19	15.567
"BEL_2020-04-06"	0	20814	1123	9.772571463778046	181.12760680950691	1376.4285714285713	11.977957772993445	"Belgium"	"2020-04-06"	1632	185	1.6099071422964724	14.201991655285639	216	1.8796753661407464	"BEL"	false	"Belgium"	3986	2.0450171807549786	34.686972265912104	381.2857142857143	3.318024836130722	0	0	0	"JHU COVID-19 Data Repository"	9.002	31.153	5.825	20	16.567
"BEL_2020-04-07"	0	22194	1380	12.009037061454768	193.13664387096168	1413.857142857143	12.303668716068099	"Belgium"	"2020-04-07"	2035	403	3.506986909975559	17.708978565261198	268	2.3321898061375923	"BEL"	false	"Belgium"	4157	1.4880763315280907	36.175048597440195	385.14285714285717	3.3515904676689496	0	0	0	"JHU COVID-19 Data Repository"	10.193	32.153	4.987	21	17.567
"BEL_2020-04-08"	0	23403	1209	10.520960729926678	203.65760460088833	1369.5714285714287	11.918285539147709	"Belgium"	"2020-04-08"	2240	205	1.7839511576798748	19.49292972294107	294.7142857142857	2.56466288382828	"BEL"	false	"Belgium"	4681	4.5599532030451435	40.735001800485335	391.2857142857143	3.4050468438224235	0	0	0	"JHU COVID-19 Data Repository"	11.552	33.153	4.748	22	18.567
"BEL_2020-04-09"	0	24983	1580	13.749477215288794	217.40708181617717	1422.2857142857142	12.377015836836819	"Belgium"	"2020-04-09"	2523	283	2.4627228176751443	21.955652540616217	307.57142857142856	2.676548322289039	"BEL"	false	"Belgium"	5164	4.203162971509169	44.93816477199451	387.42857142857144	3.371481212284196	0	0	0	"JHU COVID-19 Data Repository"	11.748	34.153	4.847	23	19.567
"BEL_2020-04-10"	0	26667	1684	14.654506095282485	232.06158791145964	1396.4285714285713	12.152001788376847	"Belgium"	"2020-04-10"	3019	496	4.31629158150838	26.271944122124598	324.42857142857144	2.823242563826478	"BEL"	false	"Belgium"	5568	3.5156891107447295	48.45385388273924	388.7142857142857	3.3826697561302717	0	0	0	"JHU COVID-19 Data Repository"	11.363	35.153	4.78	24	20.567
"BEL_2020-04-11"	0	28018	1351	11.756673239148833	243.81826115060846	1275	11.095305980691906	"Belgium"	"2020-04-11"	3346	327	2.84561965151863	29.117563773643226	303.14285714285717	2.6380100045969996	"BEL"	false	"Belgium"	5986	3.637519921513111	52.09137380425235	387.2857142857143	3.370238040745743	0	0	0	"JHU COVID-19 Data Repository"	11.552	36.153	5.373	25	21.567
"BEL_2020-04-12"	0	29647	1629	14.175885052978128	257.9941462035866	1452.857142857143	12.643054546065734	"Belgium"	"2020-04-12"	3600	254	2.210358995369211	31.32792276901244	314.2857142857143	2.734977384596324	"BEL"	false	"Belgium"	6463	4.150949766894148	56.24232357114649	346.57142857142856	3.015934152286673	0	0	0	"JHU COVID-19 Data Repository"	11.748	37.153	5.635	26	22.567
"BEL_2020-04-13"	0	30589	942	8.197473124558254	266.19161932814484	1403.7142857142858	12.215403536837945	"Belgium"	"2020-04-13"	3903	303	2.6367668330585468	33.96468960207098	333.42857142857144	2.9015623707490095	"BEL"	false	"Belgium"	6707	2.1233369876775097	58.365660558824004	342.57142857142856	2.981125349209993	0	0	0	"JHU COVID-19 Data Repository"	13.591	38.153	6.601	27	23.567
"BEL_2020-04-14"	0	31119	530	4.6121664076601645	270.803785735805	1353	11.774077640687175	"Belgium"	"2020-04-14"	4157	254	2.210358995369211	36.175048597440195	306.2857142857143	2.665359778442963	"BEL"	false	"Belgium"	6868	1.4010543238363895	59.7667148826604	341.85714285714283	2.9749094915177285	0	0	0	"JHU COVID-19 Data Repository"	17.329	39.153	8.774	28	24.567
"BEL_2020-04-15"	0	33573	2454	21.35520068754348	292.1589864233485	1309.2857142857142	11.393667149920594	"Belgium"	"2020-04-15"	4440	283	2.4627228176751443	38.63777141511534	301	2.6193624315202064	"BEL"	false	"Belgium"	7107	2.079825983831659	61.84654086649205	337.42857142857144	2.9363711738256897	0	0	0	"JHU COVID-19 Data Repository"	16.906	40.153	9.763	29	25.567
"BEL_2020-04-16"	0	34809	1236	10.755920150694271	302.91490657404273	1264.142857142857	11.000824943769485	"Belgium"	"2020-04-16"	4857	417	3.6288177207439407	42.26658913585928	297.57142857142856	2.5895263145973373	"BEL"	false	"Belgium"	7562	3.959501349972405	65.80604221646446	327.7142857142857	2.8518355092108942	0	0	0	"JHU COVID-19 Data Repository"	16.906	41.153	9.495	30	26.567
"BEL_2020-04-17"	0	36138	1329	11.56522482222709	314.4801313962699	1342	11.678353432226302	"Belgium"	"2020-04-17"	5163	306	2.6628734353660573	44.929462571225336	275	2.3931052115217835	"BEL"	false	"Belgium"	7961	3.4721781068988786	69.27822032336333	312.57142857142856	2.7200593261348893	0	0	0	"JHU COVID-19 Data Repository"	15.403	42.153	9.627	31	27.567
"BEL_2020-04-18"	0	37183	1045	9.093799803782778	323.57393120005264	1405.2857142857142	12.229078423760926	"Belgium"	"2020-04-18"	5453	290	2.523638223059335	47.45310079428467	263	2.288678802291742	"BEL"	false	"Belgium"	8348	3.367751697668837	72.64597202103218	304.85714285714283	2.6529280630584338	0	0	0	"JHU COVID-19 Data Repository"	16.12	43.153	10.046	32	28.567
"BEL_2020-04-19"	0	38496	1313	11.42598960992037	334.999920809973	1188	10.338214513774103	"Belgium"	"2020-04-19"	5683	230	2.0015061769091282	49.454606971193805	260.2857142857143	2.265058543061137	"BEL"	false	"Belgium"	8757	3.55920011459058	76.20517213562276	332.2857142857143	2.891616998441386	0	0	0	"JHU COVID-19 Data Repository"	20.387	44.153	11.363	33	29.567
"BEL_2020-04-20"	0	39983	1487	12.94017254375597	347.94009335372897	1141.142857142857	9.930454249161562	"Belgium"	"2020-04-20"	5828	145	1.2618191115296675	50.716426082723466	233.28571428571428	2.030099122293544	"BEL"	false	"Belgium"	8895	1.2009037061454768	77.40607584176823	319.7142857142857	2.7822179030575334	0	0	0	"JHU COVID-19 Data Repository"	20.387	45.153	15.068	34	30.567
"BEL_2020-04-21"	0	40956	973	8.467241348402528	356.4073347021315	1165	10.13806389608319	"Belgium"	"2020-04-21"	5998	170	1.4793741307589208	52.195800213482386	216.57142857142858	1.8846480522945581	"BEL"	false	"Belgium"	9002	0.9311354823012031	78.33721132406943	308.7142857142857	2.686493694596662	0	0	0	"JHU COVID-19 Data Repository"	21.661	46.153	18.734	35	31.567
"BEL_2020-04-22"	0	41889	933	8.119153317635723	364.5264880197672	1163.142857142857	10.121902666083304	"Belgium"	"2020-04-22"	6262	264	2.297381003060912	54.4931812165433	209.14285714285714	1.820003132295008	"BEL"	false	"Belgium"	9433	3.750648531512322	82.08785985558175	295.57142857142856	2.5721219130589974	0	0	0	"JHU COVID-19 Data Repository"	23.105	47.153	21.004	36	32.567
"BEL_2020-04-23"	0	42797	908	7.90159829840647	372.4280863181737	1091.142857142857	9.495344210703054	"Belgium"	"2020-04-23"	6490	228	1.984101775370788	56.47728299191409	201.57142857142858	1.7541150407570059	"BEL"	false	"Belgium"	9800	3.1937076822854347	85.28156753786719	289.7142857142857	2.5211518799824293	0	0	0	"JHU COVID-19 Data Repository"	26.66	48.153	20.387	37	33.567
"BEL_2020-04-24"	0	44293	1496	13.018492350678503	385.4465786688522	957.7142857142857	8.334221993788072	"Belgium"	"2020-04-24"	6679	189	1.644715945373153	58.12199893728724	197	1.714333551526514	"BEL"	false	"Belgium"	10122	2.802108647672779	88.08367618553997	283.2857142857143	2.46520916075205	0	0	0	"JHU COVID-19 Data Repository"	27.726	49.153	19.804	38	34.567
"BEL_2020-04-25"	0	45325	1032	8.980671193783566	394.4272498626358	911.1428571428571	7.9289480722524335	"Belgium"	"2020-04-25"	6917	238	2.071123783062489	60.193122720349734	190.42857142857142	1.6571476607576818	"BEL"	false	"Belgium"	10417	2.567149226905186	90.65082541244516	277.2857142857143	2.4129959561370296	0	0	0	"JHU COVID-19 Data Repository"	26.66	50.153	19.804	39	35.567
"BEL_2020-04-26"	0	46134	809	7.040080422258629	401.4673302848944	852.8571428571429	7.421734084563661	"Belgium"	"2020-04-26"	7094	177	1.5402895361431115	61.73341225649285	177	1.5402895361431115	"BEL"	false	"Belgium"	10785	3.2024098830546044	93.85323529549976	264.2857142857143	2.299867346137818	0	0	0	"JHU COVID-19 Data Repository"	27.726	51.153	22.36	40	36.567
"BEL_2020-04-27"	0	46687	553	4.812317025351077	406.2796473102454	817.4285714285714	7.113427543027348	"Belgium"	"2020-04-27"	7207	113	0.9833486869162237	62.716760943409064	157.71428571428572	1.3724613784519735	"BEL"	false	"Belgium"	10878	0.8093046715328214	94.66253996703257	253.71428571428572	2.207872652292305	0	0	0	"JHU COVID-19 Data Repository"	33.007	52.153	25.672	41	37.567
"BEL_2020-04-28"	0	47334	647	5.630323897653069	411.90997120789854	677	5.891389920728172	"Belgium"	"2020-04-28"	7331	124	1.079072895377095	63.79583383878616	146.28571428571428	1.2730076553757435	"BEL"	false	"Belgium"	10943	0.5656430499960579	95.22818301702864	252.85714285714286	2.200413623061588	0	0	0	"JHU COVID-19 Data Repository"	43.322	53.153	30.137	42	38.567
"BEL_2020-04-29"	0	47859	525	4.568655403814314	416.47862661171285	598.8571428571429	5.21137508919445	"Belgium"	"2020-04-29"	7501	170	1.4793741307589208	65.27520796954508	121.14285714285714	1.0542094646080375	"BEL"	false	"Belgium"	11283	2.9587482615178415	98.18693127854648	256.2857142857143	2.230249739984457	0	0	0	"JHU COVID-19 Data Repository"	53.319	54.153	36.481	43	39.567
"BEL_2020-04-30"	0	48519	660	5.74345250765228	422.2220791193651	538.8571428571429	4.689243043044243	"Belgium"	"2020-04-30"	7594	93	0.8093046715328214	66.08451264107791	107.14285714285714	0.9323786538396559	"BEL"	false	"Belgium"	11576	2.5497448253668455	100.73667610391331	217.71428571428572	1.8945934246021807	0	0	0	"JHU COVID-19 Data Repository"	53.319	55.153	38.508	44	40.567
"BEL_2020-05-01"	0	49032	513	4.464228994584272	426.68630811394934	511.42857142857144	4.450554107661291	"Belgium"	"2020-05-01"	7703	109	0.9485398838395432	67.03305252491745	102.42857142857143	0.8913539930707111	"BEL"	false	"Belgium"	11892	2.7498954430577585	103.48657154697109	214.28571428571428	1.8647573076793118	0	0	0	"JHU COVID-19 Data Repository"	57.762	56.153	40.773	45	41.567
"BEL_2020-05-02"	0	49517	485	4.220567373047509	430.90687548699685	453.57142857142856	3.9470696345878764	"Belgium"	"2020-05-02"	7765	62	0.5395364476885475	67.572588972606	97.85714285714286	0.8515725038402191	"BEL"	false	"Belgium"	12211	2.776002045365269	106.26257359233635	214	1.8622709646024063	0	0	0	"JHU COVID-19 Data Repository"	63.013	57.153	49.511	46	42.567
"BEL_2020-05-03"	0	49906	389	3.385156099207177	434.2920315862041	417.42857142857144	3.6325472353592994	"Belgium"	"2020-05-03"	7844	79	0.6874738607644396	68.26006283337043	119.71428571428571	1.041777749223509	"BEL"	false	"Belgium"	12309	0.8528156753786719	107.11538926771503	206.85714285714286	1.8001123876797622	0	0	0	"JHU COVID-19 Data Repository"	69.315	58.153	63.013	47	43.567
"BEL_2020-05-04"	0	50267	361	3.1414944776704137	437.4335260638745	414.42857142857144	3.606440633051789	"Belgium"	"2020-05-04"	7924	80	0.6961760615336098	68.95623889490405	117.28571428571429	1.02064383306981	"BEL"	false	"Belgium"	12378	0.6004518530727384	107.71584112078776	200.57142857142858	1.745412839987836	0	0	0	"JHU COVID-19 Data Repository"	77.016	59.153	69.315	48	44.567
"BEL_2020-05-05"	0	50509	242	2.10593258613917	439.5394586500137	425.57142857142856	3.703408013051113	"Belgium"	"2020-05-05"	8016	92	0.8006024707636511	69.7568413656677	116.85714285714286	1.0169143184544513	"BEL"	false	"Belgium"	12441	0.5482386484577176	108.26407976924548	187	1.627311543834813	0	0	0	"JHU COVID-19 Data Repository"	99.021	60.153	69.315	49	45.567
"BEL_2020-05-06"	0	50781	272	2.366998609214273	441.9064572592279	439.85714285714283	3.8277251668964003	"Belgium"	"2020-05-06"	8339	323	2.810810848441949	72.56765221410964	116.57142857142857	1.0144279753775456	"BEL"	false	"Belgium"	12731	2.523638223059335	110.78771799230482	171.42857142857142	1.4918058461434494	0	0	0	"JHU COVID-19 Data Repository"	115.525	61.153	43.322	50	46.567
"BEL_2020-05-07"	0	51420	639	5.560706291499708	447.46716355072766	453.57142857142856	3.9470696345878764	"Belgium"	"2020-05-07"	8415	76	0.6613672584569292	73.22901947256658	116	1.009455289223734	"BEL"	false	"Belgium"	12980	2.1668479915233605	112.95456598382818	190.42857142857142	1.6571476607576818	0	0	0	"JHU COVID-19 Data Repository"	99.021	62.153	36.481	51	47.567
"BEL_2020-05-08"	0	52011	591	5.143000654579542	452.61016420530717	454.57142857142856	3.955771835357046	"Belgium"	"2020-05-08"	8521	106	0.9224332815320329	74.1514527540986	111.85714285714286	0.9734033146086007	"BEL"	false	"Belgium"	13201	1.923186369986597	114.87775235381477	188.42857142857142	1.6397432592193413	0	0	0	"JHU COVID-19 Data Repository"	77.016	63.153	36.481	52	48.567
"BEL_2020-05-09"	0	52596	585	5.090787449964521	457.7009516552717	467.14285714285717	4.0651709307409	"Belgium"	"2020-05-09"	8581	60	0.5221320461502073	74.6735848002488	106.42857142857143	0.9261627961473915	"BEL"	false	"Belgium"	13411	1.8274621615257256	116.7052145153405	184.42857142857142	1.604934456142661	0	0	0	"JHU COVID-19 Data Repository"	69.315	64.153	43.322	53	49.567
"BEL_2020-05-10"	0	53081	485	4.220567373047509	461.9215190283192	457.14285714285717	3.9781489230491984	"Belgium"	"2020-05-10"	8656	75	0.6526650576877592	75.32624985793657	72	0.6265584553802488	"BEL"	false	"Belgium"	13642	2.010208377678298	118.7154228930188	172.28571428571428	1.4992648753741666	0	0	0	"JHU COVID-19 Data Repository"	63.013	65.153	77.016	54	50.567
"BEL_2020-05-11"	0	53449	368	3.2024098830546044	465.1239289113738	409.7142857142857	3.5654159722828442	"Belgium"	"2020-05-11"	8707	51	0.4438122392276762	75.77006209716426	69.71428571428571	0.6066677107650027	"BEL"	false	"Belgium"	13697	0.47862104230435665	119.19404393532317	161.57142857142858	1.406027009990201	0	0	0	"JHU COVID-19 Data Repository"	69.315	66.153	86.643	55	51.567
"BEL_2020-05-12"	0	53779	330	2.87172625382614	467.9956551652	376.14285714285717	3.273270660746419	"Belgium"	"2020-05-12"	8761	54	0.4699188415351866	76.23998093869943	62.57142857142857	0.544509133842359	"BEL"	false	"Belgium"	13732	0.30457702692095423	119.4986209622441	157.14285714285714	1.367488692298162	0	0	0	"JHU COVID-19 Data Repository"	86.643	67.153	99.021	56	52.567
"BEL_2020-05-13"	0	53981	202	1.7578445553723647	469.75349972057234	341.85714285714283	2.9749094915177285	"Belgium"	"2020-05-13"	8843	82	0.71358046307195	76.95356140177138	60.57142857142857	0.5271047323040188	"BEL"	false	"Belgium"	13937	1.7839511576798748	121.282572119924	149.85714285714286	1.3040869438370655	0	0	0	"JHU COVID-19 Data Repository"	99.021	68.153	99.021	57	53.567
"BEL_2020-05-14"	0	54288	307	2.6715756361352274	472.4250753567075	314.14285714285717	2.7337342130578715	"Belgium"	"2020-05-14"	8903	60	0.5221320461502073	77.4756934479216	56.57142857142857	0.4922959292273383	"BEL"	false	"Belgium"	14111	1.5141829338356012	122.7967550537596	141.14285714285714	1.22825347999144	0	0	0	"JHU COVID-19 Data Repository"	138.629	69.153	99.021	58	54.567
"BEL_2020-05-15"	0	54644	356	3.097983473824563	475.52305883053214	301.42857142857144	2.6230919461355655	"Belgium"	"2020-05-15"	8959	56	0.4873232430735268	77.96301669099512	53.285714285714285	0.4637029838429222	"BEL"	false	"Belgium"	14301	1.653418146142323	124.45017319990193	137.14285714285714	1.1934446769147595	0	0	0	"JHU COVID-19 Data Repository"	138.629	70.153	99.021	59	55.567
"BEL_2020-05-16"	0	54989	345	3.002259265363692	478.52531809589584	287.42857142857144	2.5012611353671836	"Belgium"	"2020-05-16"	9005	46	0.40030123538182555	78.36331792637695	49.57142857142857	0.4313805238431474	"BEL"	false	"Belgium"	14460	1.3836499222980492	125.83382312219996	136.42857142857142	1.1872288192224951	0	0	0	"JHU COVID-19 Data Repository"	115.525	71.153	99.021	60	56.567
"BEL_2020-05-17"	0	55280	291	2.5323404238285057	481.0576585197243	286	2.488829419982655	"Belgium"	"2020-05-17"	9052	47	0.4090034361509957	78.77232136252795	43.857142857142854	0.3816536623050324	"BEL"	false	"Belgium"	14630	1.4793741307589208	127.31319725295889	130	1.1312860999921157	0	0	0	"JHU COVID-19 Data Repository"	115.525	72.153	115.525	61	57.567
"BEL_2020-05-18"	0	55559	279	2.427914014598464	483.4855725343228	278.14285714285717	2.420454985367747	"Belgium"	"2020-05-18"	9080	28	0.2436616215367634	79.0159829840647	40.42857142857143	0.3518175453821635	"BEL"	false	"Belgium"	14657	0.2349594207675933	127.54815667372647	125.28571428571429	1.0902614392231709	0	0	0	"JHU COVID-19 Data Repository"	115.525	73.153	138.629	62	58.567
"BEL_2020-05-19"	0	55791	232	2.018910578447468	485.50448311277023	266.7142857142857	2.321001262291517	"Belgium"	"2020-05-19"	9108	28	0.2436616215367634	79.25964460560148	36.142857142857146	0.3145223992285773	"BEL"	false	"Belgium"	14687	0.2610660230751036	127.80922269680158	117.42857142857143	1.0218870046082629	0	0	0	"JHU COVID-19 Data Repository"	138.629	74.153	173.287	63	59.567
"BEL_2020-05-20"	0	55983	192	1.6708225476806633	487.1753056604509	260.14285714285717	2.2638153715226847	"Belgium"	"2020-05-20"	9150	42	0.3654924323051451	79.62513703790661	33.142857142857146	0.2884157969210669	"BEL"	false	"Belgium"	14847	1.3923521230672196	129.2015748198688	99.28571428571429	0.8640042192247478	0	0	0	"JHU COVID-19 Data Repository"	138.629	75.153	173.287	64	60.567
"BEL_2020-05-21"	0	56235	252	2.1929545938308705	489.3682602542818	258.85714285714283	2.2526268276766084	"Belgium"	"2020-05-21"	9186	36	0.3132792276901244	79.93841626559673	32.57142857142857	0.28344311076725537	"BEL"	false	"Belgium"	14988	1.227010308452987	130.42858512832177	91.71428571428571	0.7981161276867454	0	0	0	"JHU COVID-19 Data Repository"	173.287	76.153	173.287	65	61.567
"BEL_2020-05-22"	0	56511	276	2.4018074122909536	491.77006766657274	254.71428571428572	2.2165748530614753	"Belgium"	"2020-05-22"	9212	26	0.2262572199984232	80.16467348559516	33.142857142857146	0.2884157969210669	"BEL"	false	"Belgium"	15123	1.1747971038379665	131.60338223215973	91.42857142857143	0.7956297846098398	0	0	0	"JHU COVID-19 Data Repository"	173.287	77.153	173.287	66	62.567
"BEL_2020-05-23"	0	56810	299	2.6019580299818665	494.37202569655466	237.71428571428572	2.0686374399855834	"Belgium"	"2020-05-23"	9237	25	0.21755501922925305	80.38222850482441	32.285714285714285	0.28095676769034966	"BEL"	false	"Belgium"	15155	0.2784704246134439	131.8818526567732	90.42857142857143	0.7869275838406695	0	0	0	"JHU COVID-19 Data Repository"	138.629	78.153	231.049	67	63.567
"BEL_2020-05-24"	0	57092	282	2.454020616905974	496.82604631346055	229.85714285714286	2.000263005370675	"Belgium"	"2020-05-24"	9280	43	0.3741946330743152	80.75642313789872	30.571428571428573	0.2660387092289152	"BEL"	false	"Belgium"	15272	1.0181574899929042	132.9000101467661	88.28571428571429	0.7682800107638765	0	0	0	"JHU COVID-19 Data Repository"	138.629	79.153	231.049	68	64.567
"BEL_2020-05-25"	0	57342	250	2.1755501922925307	499.00159650575307	230.57142857142858	2.0064788630629398	"Belgium"	"2020-05-25"	9312	32	0.2784704246134439	81.03489356251218	28.857142857142858	0.25112065076748064	"BEL"	false	"Belgium"	15297	0.21755501922925305	133.11756516599533	83.42857142857143	0.7260121784564788	0	0	0	"JHU COVID-19 Data Repository"	138.629	80.153	231.049	69	65.567
"BEL_2020-05-26"	0	57455	113	0.9833486869162237	499.9849451926694	221.42857142857142	1.9269158846019554	"Belgium"	"2020-05-26"	9334	22	0.19144841692174266	81.22634197943391	31.142857142857142	0.2710113953827266	"BEL"	false	"Belgium"	15320	0.20015061769091277	133.31771578368625	79.85714285714286	0.6949328899951569	0	0	0	"JHU COVID-19 Data Repository"	173.287	81.153	231.049	70	66.567
"BEL_2020-05-27"	0	57592	137	1.1922015053763066	501.1771466980457	196.57142857142858	1.7106040369111555	"Belgium"	"2020-05-27"	9364	30	0.2610660230751036	81.48740800250903	30.857142857142858	0.2685250523058209	"BEL"	false	"Belgium"	15465	1.2618191115296675	134.57953489521594	87.71428571428571	0.7633073246100648	0	0	0	"JHU COVID-19 Data Repository"	231.049	82.153	231.049	71	67.567
"BEL_2020-05-28"	0	57849	257	2.2364655976767214	503.4136122957223	184.14285714285714	1.6024481130657553	"Belgium"	"2020-05-28"	9388	24	0.2088528184600829	81.6962608209691	26.714285714285715	0.23247307769068756	"BEL"	false	"Belgium"	15572	0.9311354823012031	135.51067037751713	87.85714285714286	0.7645504961485179	0	0	0	"JHU COVID-19 Data Repository"	231.049	83.153	231.049	72	68.567
"BEL_2020-05-29"	0	58061	212	1.8448665630640657	505.2584788587864	167.85714285714286	1.4607265576821276	"Belgium"	"2020-05-29"	9430	42	0.3654924323051451	82.06175325327425	24.857142857142858	0.21631184769080017	"BEL"	false	"Belgium"	15682	0.9572420846087133	136.46791246212587	88.85714285714286	0.7732526969176879	0	0	0	"JHU COVID-19 Data Repository"	231.049	84.153	231.049	73	69.567
"BEL_2020-05-30"	0	58186	125	1.0877750961462653	506.34625395493265	165.71428571428572	1.4420789846053343	"Belgium"	"2020-05-30"	9453	23	0.20015061769091277	82.26190387096516	24.428571428571427	0.21258233307544153	"BEL"	false	"Belgium"	15769	0.7570914669178006	137.22500392904365	87.71428571428571	0.7633073246100648	0	0	0	"JHU COVID-19 Data Repository"	231.049	85.153	231.049	74	70.567
"BEL_2020-05-31"	0	58381	195	1.6969291499881738	508.04318310492084	156.14285714285714	1.3587864915289918	"Belgium"	"2020-05-31"	9467	14	0.1218308107683817	82.38373468173354	22.571428571428573	0.19642110307555416	"BEL"	false	"Belgium"	15887	1.0268596907620744	138.25186361980573	70.57142857142857	0.61412673999572	0	0	0	"JHU COVID-19 Data Repository"	231.049	86.153	231.049	75	71.567
"BEL_2020-06-01"	0	58517	136	1.1834993046071365	509.22668240952794	131.14285714285714	1.1412314722997388	"Belgium"	"2020-06-01"	9486	19	0.1653418146142323	82.54907649634778	22.857142857142858	0.19890744615245995	"BEL"	false	"Belgium"	15919	0.2784704246134439	138.53033404441916	68	0.5917496523035682	0	0	0	"JHU COVID-19 Data Repository"	231.049	87.153	346.574	76	72.567
"BEL_2020-06-02"	0	58615	98	0.8528156753786719	510.0794980849067	120.85714285714286	1.051723121531132	"Belgium"	"2020-06-02"	9505	19	0.1653418146142323	82.714418310962	19.428571428571427	0.16907132922959092	"BEL"	false	"Belgium"	15934	0.1305330115375518	138.66086705595671	61.42857142857143	0.5345637615347361	0	0	0	"JHU COVID-19 Data Repository"	346.574	88.153	346.574	77	73.567
"BEL_2020-06-03"	0	58685	70	0.6091540538419085	510.6886521387486	126.57142857142857	1.1014499830692468	"Belgium"	"2020-06-03"	9522	17	0.14793741307589206	82.8623557240379	18.142857142857142	0.15788278538351505	"BEL"	false	"Belgium"	15959	0.21755501922925305	138.87842207518597	60.142857142857146	0.5233752176886602	0	0	0	"JHU COVID-19 Data Repository"	346.574	89.153	346.574	78	74.567
"BEL_2020-06-04"	0	58767	82	0.71358046307195	511.4022326018206	120.71428571428571	1.050479949992679	"Belgium"	"2020-06-04"	9548	26	0.2262572199984232	83.08861294403633	18.285714285714285	0.15912595692196793	"BEL"	false	"Belgium"	16048	0.7744958684561407	139.6529179436421	57.714285714285715	0.5022413015349613	0	0	0	"JHU COVID-19 Data Repository"	346.574	90.153	346.574	79	75.567
"BEL_2020-06-05"	0	58907	140	1.218308107683817	512.6205407095043	118.71428571428571	1.0330755484543386	"Belgium"	"2020-06-05"	9566	18	0.1566396138450622	83.24525255788137	17.142857142857142	0.14918058461434494	"BEL"	false	"Belgium"	16112	0.5569408492268878	140.209858792869	56.57142857142857	0.4922959292273383	0	0	0	"JHU COVID-19 Data Repository"	346.574	91.153	346.574	80	76.567
"BEL_2020-06-06"	0	59072	165	1.43586312691307	514.0564038364174	117.42857142857143	1.0218870046082629	"Belgium"	"2020-06-06"	9580	14	0.1218308107683817	83.36708336864977	16.285714285714285	0.14172155538362768	"BEL"	false	"Belgium"	16190	0.6787716599952696	140.88863045286428	55.714285714285715	0.48483689999662105	0	0	0	"JHU COVID-19 Data Repository"	346.574	92.153	346.574	81	77.567
"BEL_2020-06-07"	0	59226	154	1.3401389184521988	515.3965427548696	126.28571428571429	1.0989636399923413	"Belgium"	"2020-06-07"	9595	15	0.1305330115375518	83.49761638018732	15.285714285714286	0.1330193546144576	"BEL"	false	"Belgium"	16291	0.8789222776861824	141.76755273055045	61.857142857142854	0.5382932761500947	0	0	0	"JHU COVID-19 Data Repository"	346.574	93.153	346.574	82	78.567
"BEL_2020-06-08"	0	59348	122	1.0616684938387548	516.4582112487084	134.85714285714286	1.1735539322995137	"Belgium"	"2020-06-08"	9606	11	0.09572420846087133	83.59334058864819	12.571428571428571	0.10939909538385295	"BEL"	false	"Belgium"	16315	0.2088528184600829	141.97640554901054	57.857142857142854	0.5034844730734142	0	0	0	"JHU COVID-19 Data Repository"	231.049	94.153	346.574	83	79.567
"BEL_2020-06-09"	0	59437	89	0.7744958684561407	517.2327071171645	130.28571428571428	1.1337724430690215	"Belgium"	"2020-06-09"	9619	13	0.1131286099992116	83.7064691986474	11.428571428571429	0.09945372307622997	"BEL"	false	"Belgium"	16324	0.0783198069225311	142.05472535593307	55.142857142857146	0.4798642138428096	0	0	0	"JHU COVID-19 Data Repository"	346.574	95.153	693.147	84	80.567
"BEL_2020-06-10"	0	59569	132	1.148690501530456	518.381397618695	120.85714285714286	1.051723121531132	"Belgium"	"2020-06-10"	9629	10	0.08702200769170122	83.7934912063391	10	0.08702200769170122	"BEL"	false	"Belgium"	16392	0.5917496523035682	142.64647500823662	51	0.4438122392276762	0	0	0	"JHU COVID-19 Data Repository"	346.574	96.153	693.147	85	81.567
"BEL_2020-06-11"	0	59711	142	1.2357125092221573	519.6171101279172	114.71428571428571	0.9982667453776581	"Belgium"	"2020-06-11"	9636	7	0.06091540538419085	83.85440661172329	8.571428571428571	0.07459029230717247	"BEL"	false	"Belgium"	16453	0.5308342469193774	143.17730925515602	42.57142857142857	0.3704651184589566	0	0	0	"JHU COVID-19 Data Repository"	346.574	97.153	693.147	86	82.567
"BEL_2020-06-12"	0	59819	108	0.9398376830703732	520.5569478109875	107.42857142857143	0.9348649969165617	"Belgium"	"2020-06-12"	9646	10	0.08702200769170122	83.94142861941499	7.857142857142857	0.0683744346149081	"BEL"	false	"Belgium"	16498	0.3915990346126555	143.56890828976867	42.142857142857146	0.366735603843598	0	0	0	"JHU COVID-19 Data Repository"	346.574	98.153	693.147	87	83.567
"BEL_2020-06-13"	0	59918	99	0.861517876147842	521.4184656871354	102.57142857142857	0.8925971646091639	"Belgium"	"2020-06-13"	9650	4	0.03480880307668049	83.97623742249168	6.285714285714286	0.054699547691926476	"BEL"	false	"Belgium"	16547	0.42640783768933593	143.99531612745798	43	0.3741946330743152	0	0	0	"JHU COVID-19 Data Repository"	346.574	99.153	693.147	88	84.567
"BEL_2020-06-14"	0	60029	111	0.9659442853778836	522.3844099725131	96.42857142857143	0.8391407884556903	"Belgium"	"2020-06-14"	9655	5	0.04351100384585061	84.01974842633753	6.571428571428571	0.05718589076883222	"BEL"	false	"Belgium"	16589	0.3654924323051451	144.36080855976314	41.714285714285715	0.3630060892282394	0	0	0	"JHU COVID-19 Data Repository"	346.574	100.153	693.147	89	85.567
"BEL_2020-06-15"	0	60100	71	0.6178562546110786	523.0022662271243	91	0.791900269994481	"Belgium"	"2020-06-15"	9661	6	0.05221320461502073	84.07196163095254	6.714285714285714	0.058429062307285104	"BEL"	false	"Belgium"	16610	0.18274621615257255	144.5435547759157	38.714285714285715	0.33689948692072896	0	0	0	"JHU COVID-19 Data Repository"	346.574	101.153	693.147	90	86.567
"BEL_2020-06-16"	0	60155	55	0.47862104230435665	523.4808872694286	93.85714285714286	0.8167637007635387	"Belgium"	"2020-06-16"	9663	2	0.017404401538340244	84.08936603249089	7	0.06091540538419085	"BEL"	false	"Belgium"	16625	0.1305330115375518	144.6740877874533	36.142857142857146	0.3145223992285773	0	0	0	"JHU COVID-19 Data Repository"	693.147	102.153		91	87.567
"BEL_2020-06-17"	0	60244	89	0.7744958684561407	524.2553831378848	90.28571428571429	0.7856844123022166	"Belgium"	"2020-06-17"	9675	12	0.10442640923004146	84.19379244172093	6.571428571428571	0.05718589076883222	"BEL"	false	"Belgium"	16684	0.5134298453810372	145.1875176328343	32	0.2784704246134439	0	0	0	"JHU COVID-19 Data Repository"	693.147	103.153	693.147	92	88.567
"BEL_2020-06-18"	0	60348	104	0.9050288799936927	525.1604120178786	74.42857142857143	0.6476923715339477	"Belgium"	"2020-06-18"	9683	8	0.06961760615336098	84.26341004787429	5.857142857142857	0.05097003307656785	"BEL"	false	"Belgium"	16724	0.3480880307668049	145.5356056636011	26	0.2262572199984232	0	0	0	"JHU COVID-19 Data Repository"	693.147	104.153	693.147	93	89.567
"BEL_2020-06-19"	0	60476	128	1.1138816984537756	526.2742937163323	64.28571428571429	0.5594271923037936	"Belgium"	"2020-06-19"	9695	12	0.10442640923004146	84.36783645710433	5	0.04351100384585061	"BEL"	false	"Belgium"	16751	0.2349594207675933	145.7705650843687	23	0.20015061769091277	0	0	0	"JHU COVID-19 Data Repository"	346.574	105.153	693.147	94	90.567
"BEL_2020-06-20"	0	60550	74	0.643962856918589	526.9182565732508	93.57142857142857	0.8142773576866328	"Belgium"	"2020-06-20"	9696	1	0.008702200769170122	84.3765386578735	7.142857142857143	0.062158576922643725	"BEL"	false	"Belgium"	16771	0.17404401538340245	145.9446090997521	20.857142857142858	0.1815030446141197	0	0	0	"JHU COVID-19 Data Repository"	346.574	106.153	693.147	95	91.567
"BEL_2020-06-21"	0	60550	0	0	526.9182565732508	93.42857142857143	0.8130341861481799	"Belgium"	"2020-06-21"	9696	0	0	84.3765386578735	6.714285714285714	0.058429062307285104	"BEL"	false	"Belgium"	16771	0	145.9446090997521	12.428571428571429	0.10815592384540008	0	0	0	"JHU COVID-19 Data Repository"	693.147	107.153	693.147	96	92.567
"BEL_2020-06-22"	0	60550	0	0	526.9182565732508	94.14285714285714	0.8192500438404443	"Belgium"	"2020-06-22"	9696	0	0	84.3765386578735	6.142857142857143	0.05345637615347361	"BEL"	false	"Belgium"	16771	0	145.9446090997521	23.714285714285715	0.20636647538317718	0	0	0	"JHU COVID-19 Data Repository"	693.147	108.153		97	93.567
"BEL_2020-06-23"	0	60810	260	2.2625721999842314	529.1808287732351	90	0.783198069225311	"Belgium"	"2020-06-23"	9713	17	0.14793741307589206	84.52447607094939	5.142857142857143	0.044754175384303485	"BEL"	false	"Belgium"	16771	0	145.9446090997521	23.857142857142858	0.20760964692163006	0	0	0	"JHU COVID-19 Data Repository"	693.147	109.153		98	94.567
"BEL_2020-06-24"	0	60898	88	0.7657936676869707	529.946622440922	94.14285714285714	0.8192500438404443	"Belgium"	"2020-06-24"	9722	9	0.0783198069225311	84.60279587787193	5.142857142857143	0.044754175384303485	"BEL"	false	"Belgium"	16771	0	145.9446090997521	24.285714285714285	0.21133916153698867	0	0	0	"JHU COVID-19 Data Repository"	346.574	110.153	693.147	99	95.567
"BEL_2020-06-25"	0	61007	109	0.9485398838395432	530.8951623247616	106.42857142857143	0.9261627961473915	"Belgium"	"2020-06-25"	9726	4	0.03480880307668049	84.6376046809486	5.142857142857143	0.044754175384303485	"BEL"	false	"Belgium"	16890	1.0355618915312446	146.98017099128336	24.285714285714285	0.21133916153698867	0	0	0	"JHU COVID-19 Data Repository"	346.574	111.153	693.147	100	96.567
"BEL_2020-06-26"	0	61106	99	0.861517876147842	531.7566802009095	115.85714285714286	1.0082121176852812	"Belgium"	"2020-06-26"	9731	5	0.04351100384585061	84.68111568479445	5.142857142857143	0.044754175384303485	"BEL"	false	"Belgium"	16918	0.2436616215367634	147.2238326128201	24.285714285714285	0.21133916153698867	0	0	0	"JHU COVID-19 Data Repository"	346.574	112.153	693.147	101	97.567
"BEL_2020-06-27"	0	61209	103	0.8963266792245225	532.653006880134	88.14285714285714	0.7670368392254235	"Belgium"	"2020-06-27"	9732	1	0.008702200769170122	84.68981788556363	4.857142857142857	0.04226783230739773	"BEL"	false	"Belgium"	16941	0.20015061769091277	147.42398323051103	30.428571428571427	0.26479553769046227	0	0	0	"JHU COVID-19 Data Repository"	346.574	113.153		102	98.567
"BEL_2020-06-28"	0	61295	86	0.7483892661486304	533.4013961462827	87.28571428571429	0.7595778099947064	"Belgium"	"2020-06-28"	9732	0	0	84.68981788556363	4.571428571428571	0.03978148923049198	"BEL"	false	"Belgium"	16941	0	147.42398323051103	35.714285714285715	0.31079288461321863	0	0	0	"JHU COVID-19 Data Repository"	346.574	114.153		103	99.567
"BEL_2020-06-29"	0	61361	66	0.574345250765228	533.9757413970478	84.42857142857143	0.7347143792256489	"Belgium"	"2020-06-29"	9732	0	0	84.68981788556363	5	0.04351100384585061	"BEL"	false	"Belgium"	16941	0	147.42398323051103	22	0.19144841692174266	0	0	0	"JHU COVID-19 Data Repository"	693.147	115.153		104	100.567
"BEL_2020-06-30"	0	61427	66	0.574345250765228	534.5500866478131	88.71428571428571	0.7720095253792351	"Belgium"	"2020-06-30"	9747	15	0.1305330115375518	84.82035089710118	4.857142857142857	0.04226783230739773	"BEL"	false	"Belgium"	16984	0.3741946330743152	147.79817786358535	22.142857142857142	0.19269158846019555	0	0	0	"JHU COVID-19 Data Repository"	693.147	116.153		105	101.567
"BEL_2020-07-01"	0	61509	82	0.71358046307195	535.263667110885	89.85714285714286	0.7819548976868581	"Belgium"	"2020-07-01"	9754	7	0.06091540538419085	84.88126630248537	5.571428571428571	0.0484836899996621	"BEL"	false	"Belgium"	17021	0.3219814284592945	148.12015929204463	21.428571428571427	0.18647573076793117	0	0	0	"JHU COVID-19 Data Repository"	693.147	117.153	693.147	106	102.567
"BEL_2020-07-02"	0	61598	89	0.7744958684561407	536.0381629793412	103	0.8963266792245225	"Belgium"	"2020-07-02"	9761	7	0.06091540538419085	84.94218170786955	5.571428571428571	0.0484836899996621	"BEL"	false	"Belgium"	17044	0.20015061769091277	148.32030990973556	21.428571428571427	0.18647573076793117	0	0	0	"JHU COVID-19 Data Repository"	693.147	118.153	693.147	107	103.567
"BEL_2020-07-03"	0	61727	129	1.1225838992229458	537.160746878564	99.57142857142857	0.8664905623016536	"Belgium"	"2020-07-03"	9765	4	0.03480880307668049	84.97699051094624	6	0.05221320461502073	"BEL"	false	"Belgium"	17073	0.2523638223059335	148.5726737320415	21.428571428571427	0.18647573076793117	0	0	0	"JHU COVID-19 Data Repository"	693.147	119.153	693.147	108	104.567
"BEL_2020-07-04"	0	61838	111	0.9659442853778836	538.126691163942	90.14285714285714	0.7844412407637639	"Belgium"	"2020-07-04"	9771	6	0.05221320461502073	85.02920371556125	3.857142857142857	0.033565631538227614	"BEL"	false	"Belgium"	17091	0.1566396138450622	148.72931334588654	19.714285714285715	0.17155767230649668	0	0	0	"JHU COVID-19 Data Repository"	346.574	120.153	693.147	109	105.567
"BEL_2020-07-05"	0	62016	178	1.5489917369122814	539.6756829008542	87.71428571428571	0.7633073246100648	"Belgium"	"2020-07-05"	9771	0	0	85.02920371556125	3.142857142857143	0.027349773845963238	"BEL"	false	"Belgium"	17091	0	148.72931334588654	16.714285714285715	0.14545106999898633	0	0	0	"JHU COVID-19 Data Repository"	346.574	121.153		110	106.567
"BEL_2020-07-06"	0	62058	42	0.3654924323051451	540.0411753331595	87.42857142857143	0.7608209815331592	"Belgium"	"2020-07-06"	9774	3	0.026106602307510364	85.05531031786877	2.4285714285714284	0.021133916153698865	"BEL"	false	"Belgium"	17091	0	148.72931334588654	16.428571428571427	0.14296472692208054	0	0	0	"JHU COVID-19 Data Repository"	346.574	122.153		111	107.567
"BEL_2020-07-07"	0	62058	0	0	540.0411753331595	90	0.783198069225311	"Belgium"	"2020-07-07"	9774	0	0	85.05531031786877	2.2857142857142856	0.01989074461524599	"BEL"	false	"Belgium"	17122	0.26976822384427374	148.9990815697308	15.142857142857142	0.1317761830760047	0	0	0	"JHU COVID-19 Data Repository"	693.147	123.153		112	108.567
"BEL_2020-07-08"	0	62123	65	0.5656430499960579	540.6068183831555	90.14285714285714	0.7844412407637639	"Belgium"	"2020-07-08"	9776	2	0.017404401538340244	85.0727147194071	1.5714285714285714	0.013674886922981619	"BEL"	false	"Belgium"	17138	0.13923521230672195	149.13831678203755	15	0.1305330115375518	0	0	0	"JHU COVID-19 Data Repository"	693.147	124.153		113	109.567
"BEL_2020-07-09"	0	62210	87	0.7570914669178006	541.3639098500732	98.71428571428571	0.8590315330709363	"Belgium"	"2020-07-09"	9778	2	0.017404401538340244	85.09011912094545	1.5714285714285714	0.013674886922981619	"BEL"	false	"Belgium"	17159	0.18274621615257255	149.32106299819011	15	0.1305330115375518	0	0	0	"JHU COVID-19 Data Repository"	693.147	125.153		114	110.567
"BEL_2020-07-10"	0	62357	147	1.2792235130680079	542.6431333631413	92.71428571428571	0.8068183284559155	"Belgium"	"2020-07-10"	9781	3	0.026106602307510364	85.11622572325295	1.1428571428571428	0.009945372307622996	"BEL"	false	"Belgium"	17179	0.17404401538340245	149.49510701357352	15	0.1305330115375518	0	0	0	"JHU COVID-19 Data Repository"	693.147	126.153		115	111.567
"BEL_2020-07-11"	0	62469	112	0.9746464861470536	543.6177798492884	103.28571428571429	0.8988130223014283	"Belgium"	"2020-07-11"	9782	1	0.008702200769170122	85.12492792402213	1.8571428571428572	0.01616122999988737	"BEL"	false	"Belgium"	17196	0.14793741307589206	149.6430444266494	14.428571428571429	0.12556032538374032	0	0	0	"JHU COVID-19 Data Repository"	346.574	127.153		116	112.567
"BEL_2020-07-12"	0	62707	238	2.071123783062489	545.6889036323508	107	0.9311354823012031	"Belgium"	"2020-07-12"	9782	0	0	85.12492792402213	1.7142857142857142	0.014918058461434494	"BEL"	false	"Belgium"	17196	0	149.6430444266494	14.857142857142858	0.12928983999909896	0	0	0	"JHU COVID-19 Data Repository"	346.574	128.153		117	113.567
"BEL_2020-07-13"	0	62707	0	0	545.6889036323508	146.85714285714286	1.277980341529555	"Belgium"	"2020-07-13"	9782	0	0	85.12492792402213	2.4285714285714284	0.021133916153698865	"BEL"	false	"Belgium"	17196	0	149.6430444266494	13.428571428571429	0.11685812461457021	0	0	0	"JHU COVID-19 Data Repository"	346.574	129.153		118	114.567
"BEL_2020-07-14"	0	62781	74	0.643962856918589	546.3328664892693	163.14285714285714	1.4197018969131827	"Belgium"	"2020-07-14"	9787	5	0.04351100384585061	85.16843892786798	2.7142857142857144	0.023620259230604616	"BEL"	false	"Belgium"	17223	0.2349594207675933	149.878003847417	15.714285714285714	0.1367488692298162	0	0	0	"JHU COVID-19 Data Repository"	346.574	130.153		119	115.567
"BEL_2020-07-15"	0	62872	91	0.791900269994481	547.1247667592638	176.71428571428572	1.5378031930662057	"Belgium"	"2020-07-15"	9788	1	0.008702200769170122	85.17714112863715	2.5714285714285716	0.022377087692151743	"BEL"	false	"Belgium"	17242	0.1653418146142323	150.04334566203124	13.285714285714286	0.11561495307611734	0	0	0	"JHU COVID-19 Data Repository"	693.147	131.153		120	116.567
"BEL_2020-07-16"	0	63238	366	3.1850054815162645	550.3097722407801	142.71428571428572	1.2419283669144217	"Belgium"	"2020-07-16"	9795	7	0.06091540538419085	85.23805653402134	2.5714285714285716	0.022377087692151743	"BEL"	false	"Belgium"	17253	0.09572420846087133	150.1390698704921	13.285714285714286	0.11561495307611734	0	0	0	"JHU COVID-19 Data Repository"	346.574	132.153		121	117.567
"BEL_2020-07-17"	0	63499	261	2.2712744007534016	552.5810466415335	198.14285714285714	1.724278923834137	"Belgium"	"2020-07-17"	9800	5	0.04351100384585061	85.28156753786719	3.2857142857142856	0.02859294538441611	"BEL"	false	"Belgium"	17289	0.3132792276901244	150.45234909818222	17.857142857142858	0.15539644230660932	0	0	0	"JHU COVID-19 Data Repository"	231.049	133.153		122	118.567
"BEL_2020-07-18"	0	63706	207	1.8013555592182153	554.3824022007517	211	1.8361643622948955	"Belgium"	"2020-07-18"	9800	0	0	85.28156753786719	2.5714285714285716	0.022377087692151743	"BEL"	false	"Belgium"	17289	0	150.45234909818222	15.285714285714286	0.1330193546144576	0	0	0	"JHU COVID-19 Data Repository"	173.287	134.153		123	119.567
"BEL_2020-07-19"	0	63706	0	0	554.3824022007517	250.71428571428572	2.181766049984795	"Belgium"	"2020-07-19"	9800	0	0	85.28156753786719	2.857142857142857	0.024863430769057494	"BEL"	false	"Belgium"	17289	0	150.45234909818222	15	0.1305330115375518	0	0	0	"JHU COVID-19 Data Repository"	231.049	135.153		124	120.567
"BEL_2020-07-20"	0	64094	388	3.3764538984380073	557.7588560991898	231.5	2.0145594780628833	"Belgium"	"2020-07-20"	9805	5	0.04351100384585061	85.32507854171304	2.1666666666666665	0.01885476833320193	"BEL"	false	"Belgium"	17321	0.2784704246134439	150.73081952279568	15.666666666666666	0.13633447871699855	0	0	0	"JHU COVID-19 Data Repository"	231.049	136.153		125	121.567
"BEL_2020-07-21"	0	64258	164	1.4271609261439	559.1860170253336	225.6	1.9632164935247793	"Belgium"	"2020-07-21"	9805	0	0	85.32507854171304	1.6	0.013923521230672194	"BEL"	false	"Belgium"	17330	0.0783198069225311	150.8091393297182	11.6	0.10094552892237342	0	0	0	"JHU COVID-19 Data Repository"	231.049	137.153		126	122.567
"BEL_2020-07-22"	0	64627	369	3.211112083823775	562.3971291091575	230.25	2.0036817271014207	"Belgium"	"2020-07-22"	9808	3	0.026106602307510364	85.35118514402055	2	0.017404401538340244	"BEL"	true	"Belgium"	17347	0.14793741307589206	150.9570767427941	14.5	0.12618191115296676	0	0	0	"JHU COVID-19 Data Repository"	173.287	138.153		127	123.567
