_id	admin_level	confirmed	confirmed_numIncrease	confirmed_rolling	country_name	date	dead	dead_numIncrease	dead_rolling	location_id	mostRecent	name	recovered	recovered_rolling	testing_positive	testing_totalTestResults	testing_positivity	source	confirmed_doublingRate	daysSince100Cases	dead_doublingRate	daysSince10Deaths	daysSince50Deaths
"KOR_2020-01-22"	0	1	1	0.5	"South Korea"	"2020-01-22"	0	0	0	"KOR"	false	"South Korea"	0	0	0	0		"JHU COVID-19 Data Repository"					
"KOR_2020-01-23"	0	1	0	0.6	"South Korea"	"2020-01-23"	0	0	0	"KOR"	false	"South Korea"	0	0	0	0		"JHU COVID-19 Data Repository"					
"KOR_2020-01-24"	0	2	1	0.6666666666666666	"South Korea"	"2020-01-24"	0	0	0	"KOR"	false	"South Korea"	0	0	0	0		"JHU COVID-19 Data Repository"	1.998				
"KOR_2020-01-25"	0	2	0	0.5714285714285714	"South Korea"	"2020-01-25"	0	0	0	"KOR"	false	"South Korea"	0	0	0	0		"JHU COVID-19 Data Repository"	2.502				
"KOR_2020-01-26"	0	3	1	0.42857142857142855	"South Korea"	"2020-01-26"	0	0	0	"KOR"	false	"South Korea"	0	0	0	0		"JHU COVID-19 Data Repository"	2.398				
"KOR_2020-01-27"	0	4	1	0.42857142857142855	"South Korea"	"2020-01-27"	0	0	0	"KOR"	false	"South Korea"	0	0	0	0		"JHU COVID-19 Data Repository"	2.18				
"KOR_2020-01-28"	0	4	0	1.2857142857142858	"South Korea"	"2020-01-28"	0	0	0	"KOR"	false	"South Korea"	0	0	0	0		"JHU COVID-19 Data Repository"	3.332				
"KOR_2020-01-29"	0	4	0	1.4285714285714286	"South Korea"	"2020-01-29"	0	0	0	"KOR"	false	"South Korea"	0	0	0	0		"JHU COVID-19 Data Repository"	4.151				
"KOR_2020-01-30"	0	4	0	1.7142857142857142	"South Korea"	"2020-01-30"	0	0	0	"KOR"	false	"South Korea"	0	0	0	0		"JHU COVID-19 Data Repository"	11.951				
"KOR_2020-01-31"	0	11	7	1.5714285714285714	"South Korea"	"2020-01-31"	0	0	0	"KOR"	false	"South Korea"	0	0	0	0		"JHU COVID-19 Data Repository"	3.431				
"KOR_2020-02-01"	0	12	1	1.7142857142857142	"South Korea"	"2020-02-01"	0	0	0	"KOR"	false	"South Korea"	0	0	0	0		"JHU COVID-19 Data Repository"	2.159				
"KOR_2020-02-02"	0	15	3	2.142857142857143	"South Korea"	"2020-02-02"	0	0	0	"KOR"	false	"South Korea"	0	0	0	0		"JHU COVID-19 Data Repository"	1.853				
"KOR_2020-02-03"	0	15	0	2.7142857142857144	"South Korea"	"2020-02-03"	0	0	0	"KOR"	false	"South Korea"	0	0	0	0		"JHU COVID-19 Data Repository"	2.35				
"KOR_2020-02-04"	0	16	1	1.8571428571428572	"South Korea"	"2020-02-04"	0	0	0	"KOR"	false	"South Korea"	0	0.14285714285714285	0	0		"JHU COVID-19 Data Repository"	7.146				
"KOR_2020-02-05"	0	19	3	1.7142857142857142	"South Korea"	"2020-02-05"	0	0	0	"KOR"	false	"South Korea"	0	0.14285714285714285	0	0		"JHU COVID-19 Data Repository"	7.073				
"KOR_2020-02-06"	0	23	4	1.4285714285714286	"South Korea"	"2020-02-06"	0	0	0	"KOR"	false	"South Korea"	0	0.42857142857142855	0	0		"JHU COVID-19 Data Repository"	6.359				
"KOR_2020-02-07"	0	24	1	1.7142857142857142	"South Korea"	"2020-02-07"	0	0	0	"KOR"	false	"South Korea"	1	0.42857142857142855	0	0		"JHU COVID-19 Data Repository"	5.332				
"KOR_2020-02-08"	0	24	0	1.7142857142857142	"South Korea"	"2020-02-08"	0	0	0	"KOR"	false	"South Korea"	1	0.42857142857142855	0	0		"JHU COVID-19 Data Repository"	6.665				
"KOR_2020-02-09"	0	25	1	1.2857142857142858	"South Korea"	"2020-02-09"	0	0	0	"KOR"	false	"South Korea"	3	1	0	0		"JHU COVID-19 Data Repository"	11.748				
"KOR_2020-02-10"	0	27	2	0.7142857142857143	"South Korea"	"2020-02-10"	0	0	0	"KOR"	false	"South Korea"	3	1	0	0		"JHU COVID-19 Data Repository"	19.254				
"KOR_2020-02-11"	0	28	1	0.5714285714285714	"South Korea"	"2020-02-11"	0	0	0	"KOR"	false	"South Korea"	3	0.8571428571428571	0	0		"JHU COVID-19 Data Repository"	16.12				
"KOR_2020-02-12"	0	28	0	0.5714285714285714	"South Korea"	"2020-02-12"	0	0	0	"KOR"	false	"South Korea"	7	1.1428571428571428	0	0		"JHU COVID-19 Data Repository"	16.504				
"KOR_2020-02-13"	0	28	0	0.5714285714285714	"South Korea"	"2020-02-13"	0	0	0	"KOR"	false	"South Korea"	7	0.8571428571428571	0	0		"JHU COVID-19 Data Repository"	26.66				
"KOR_2020-02-14"	0	28	0	0.42857142857142855	"South Korea"	"2020-02-14"	0	0	0	"KOR"	false	"South Korea"	7	1	0	0		"JHU COVID-19 Data Repository"	99.021				
"KOR_2020-02-15"	0	28	0	0.42857142857142855	"South Korea"	"2020-02-15"	0	0	0	"KOR"	false	"South Korea"	9	1.2857142857142858	0	0		"JHU COVID-19 Data Repository"					
"KOR_2020-02-16"	0	29	1	0.42857142857142855	"South Korea"	"2020-02-16"	0	0	0	"KOR"	false	"South Korea"	9	0.7142857142857143	0	0		"JHU COVID-19 Data Repository"	99.021				
"KOR_2020-02-17"	0	30	1	10.857142857142858	"South Korea"	"2020-02-17"	0	0	0.14285714285714285	"KOR"	false	"South Korea"	10	1.2857142857142858	0	0		"JHU COVID-19 Data Repository"	40.773				
"KOR_2020-02-18"	0	31	1	25.142857142857142	"South Korea"	"2020-02-18"	0	0	0.2857142857142857	"KOR"	false	"South Korea"	12	1.2857142857142858	0	0		"JHU COVID-19 Data Repository"	25.672				
"KOR_2020-02-19"	0	31	0	57.857142857142854	"South Korea"	"2020-02-19"	0	0	0.2857142857142857	"KOR"	false	"South Korea"	12	1	0	0		"JHU COVID-19 Data Repository"	25.672				
"KOR_2020-02-20"	0	104	73	81.85714285714286	"South Korea"	"2020-02-20"	1	1	0.8571428571428571	"KOR"	false	"South Korea"	16	1.2857142857142858	0	0		"JHU COVID-19 Data Repository"	2.676	0.055			
"KOR_2020-02-21"	0	204	100	114.71428571428571	"South Korea"	"2020-02-21"	2	1	1.1428571428571428	"KOR"	false	"South Korea"	16	1.1428571428571428	0	0		"JHU COVID-19 Data Repository"	1.375	1.055	1		
"KOR_2020-02-22"	0	433	229	135.14285714285714	"South Korea"	"2020-02-22"	2	0	1.4285714285714286	"KOR"	false	"South Korea"	16	1.4285714285714286	0	0		"JHU COVID-19 Data Repository"	0.968	2.055	1.998		
"KOR_2020-02-23"	0	602	169	175.71428571428572	"South Korea"	"2020-02-23"	6	4	1.7142857142857142	"KOR"	false	"South Korea"	18	1.4285714285714286	0	0		"JHU COVID-19 Data Repository"	0.942	3.055	1.288		
"KOR_2020-02-24"	0	833	231	237.42857142857142	"South Korea"	"2020-02-24"	8	2	1.7142857142857142	"KOR"	false	"South Korea"	18	0.8571428571428571	0	0		"JHU COVID-19 Data Repository"	1.323	4.055	1.318		
"KOR_2020-02-25"	0	977	144	304.7142857142857	"South Korea"	"2020-02-25"	10	2	1.5714285714285714	"KOR"	false	"South Korea"	22	0.8571428571428571	0	0		"JHU COVID-19 Data Repository"	1.829	5.055	1.504	0	
"KOR_2020-02-26"	0	1261	284	388.14285714285717	"South Korea"	"2020-02-26"	12	2	2	"KOR"	false	"South Korea"	22	1.5714285714285714	0	0		"JHU COVID-19 Data Repository"	2.646	6.055	1.695	1	
"KOR_2020-02-27"	0	1766	505	447.7142857142857	"South Korea"	"2020-02-27"	13	1	1.5714285714285714	"KOR"	false	"South Korea"	22	1.7142857142857142	0	0		"JHU COVID-19 Data Repository"	2.697	7.055	3.555	2	
"KOR_2020-02-28"	0	2337	571	500.2857142857143	"South Korea"	"2020-02-28"	13	0	2.857142857142857	"KOR"	false	"South Korea"	22	1.7142857142857142	0	0		"JHU COVID-19 Data Repository"	2.606	8.055	5.635	3	
"KOR_2020-02-29"	0	3150	813	601.2857142857143	"South Korea"	"2020-02-29"	16	3	2.5714285714285716	"KOR"	false	"South Korea"	27	1.1428571428571428	0	0		"JHU COVID-19 Data Repository"	2.342	9.055	6.796	4	
"KOR_2020-03-01"	0	3736	586	622.8571428571429	"South Korea"	"2020-03-01"	17	1	3.2857142857142856	"KOR"	false	"South Korea"	30	2.7142857142857144	0	0		"JHU COVID-19 Data Repository"	2.521	10.055	7.702	5	
"KOR_2020-03-02"	0	4335	599	617.4285714285714	"South Korea"	"2020-03-02"	28	11	3.142857142857143	"KOR"	false	"South Korea"	30	2.7142857142857144	0	0		"JHU COVID-19 Data Repository"	3.054	11.055	3.851	6	
"KOR_2020-03-03"	0	5186	851	608	"South Korea"	"2020-03-03"	28	0	4.142857142857143	"KOR"	false	"South Korea"	30	16.142857142857142	0	0		"JHU COVID-19 Data Repository"	3.629	12.055	3.316	7	
"KOR_2020-03-04"	0	5621	435	555.8571428571429	"South Korea"	"2020-03-04"	35	7	4	"KOR"	false	"South Korea"	41	15.428571428571429	0	0		"JHU COVID-19 Data Repository"	4.652	13.055	3.365	8	
"KOR_2020-03-05"	0	6088	467	511.14285714285717	"South Korea"	"2020-03-05"	35	0	4.714285714285714	"KOR"	false	"South Korea"	41	17.5	0	0		"JHU COVID-19 Data Repository"	5.59	14.055	4.151	9	
"KOR_2020-03-06"	0	6593	505	449	"South Korea"	"2020-03-06"	42	7	3.5714285714285716	"KOR"	false	"South Korea"	135	17.5	0	0		"JHU COVID-19 Data Repository"	6.931	15.055	6.73	10	
"KOR_2020-03-07"	0	7041	448	332.42857142857144	"South Korea"	"2020-03-07"	44	2	3.7142857142857144	"KOR"	false	"South Korea"	135	39	0	0		"JHU COVID-19 Data Repository"	9.002	16.055	6.359	11	
"KOR_2020-03-08"	0	7314	273	304.85714285714283	"South Korea"	"2020-03-08"	50	6	3.5714285714285716	"KOR"	false	"South Korea"	118	44	0	0		"JHU COVID-19 Data Repository"	10.345	17.055	7.374	12	0
"KOR_2020-03-09"	0	7478	164	254.42857142857142	"South Korea"	"2020-03-09"	53	3	4.428571428571429	"KOR"	false	"South Korea"	118	51.5	0	0		"JHU COVID-19 Data Repository"	13.33	18.055	6.931	13	1
"KOR_2020-03-10"	0	7513	35	198	"South Korea"	"2020-03-10"	54	1	3.4285714285714284	"KOR"	false	"South Korea"	247	65.33333333333333	0	0		"JHU COVID-19 Data Repository"	21.661	19.055	10.046	14	2
"KOR_2020-03-11"	0	7755	242	149.28571428571428	"South Korea"	"2020-03-11"	60	6	4	"KOR"	false	"South Korea"	288	65.33333333333333	0	0		"JHU COVID-19 Data Repository"	31.507	20.055	9.902	15	3
"KOR_2020-03-12"	0	7869	114	121.14285714285714	"South Korea"	"2020-03-12"	66	6	3.5714285714285716	"KOR"	false	"South Korea"	333	56	0	0		"JHU COVID-19 Data Repository"	38.508	21.055	10.193	16	4
"KOR_2020-03-13"	0	7979	110	108.28571428571429	"South Korea"	"2020-03-13"	66	0	3.142857142857143	"KOR"	false	"South Korea"	510	145.57142857142858	0	0		"JHU COVID-19 Data Repository"	38.508	22.055	10.83	17	5
"KOR_2020-03-14"	0	8086	107	115.28571428571429	"South Korea"	"2020-03-14"	72	6	3.857142857142857	"KOR"	false	"South Korea"	510	165.71428571428572	0	0		"JHU COVID-19 Data Repository"	38.508	23.055	10.345	18	6
"KOR_2020-03-15"	0	8162	76	94	"South Korea"	"2020-03-15"	75	3	3.4285714285714284	"KOR"	false	"South Korea"	510	178.85714285714286	0	0		"JHU COVID-19 Data Repository"	53.319	24.055	13.078	19	7
"KOR_2020-03-16"	0	8236	74	99.42857142857143	"South Korea"	"2020-03-16"	75	0	3.5714285714285716	"KOR"	false	"South Korea"	1137	172.42857142857142	0	0		"JHU COVID-19 Data Repository"	63.013	25.055	18.241	20	8
"KOR_2020-03-17"	0	8320	84	96.14285714285714	"South Korea"	"2020-03-17"	81	6	4	"KOR"	false	"South Korea"	1407	147.14285714285714	0	0		"JHU COVID-19 Data Repository"	69.315	26.055	15.403	21	9
"KOR_2020-03-18"	0	8413	93	101.85714285714286	"South Korea"	"2020-03-18"	84	3	4.285714285714286	"KOR"	false	"South Korea"	1540	147.14285714285714	0	0		"JHU COVID-19 Data Repository"	69.315	27.055	17.773	22	10
"KOR_2020-03-19"	0	8565	152	105	"South Korea"	"2020-03-19"	91	7	4.142857142857143	"KOR"	false	"South Korea"	1540	342.7142857142857	0	0		"JHU COVID-19 Data Repository"	57.762	28.055	13.863	23	11
"KOR_2020-03-20"	0	8652	87	103.57142857142857	"South Korea"	"2020-03-20"	94	3	5.142857142857143	"KOR"	false	"South Korea"	1540	289.85714285714283	0	0		"JHU COVID-19 Data Repository"	53.319	29.055	12.16	24	12
"KOR_2020-03-21"	0	8799	147	102.42857142857143	"South Korea"	"2020-03-21"	102	8	5.571428571428571	"KOR"	false	"South Korea"	1540	300	0	0		"JHU COVID-19 Data Repository"	49.511	30.055	12.16	25	13
"KOR_2020-03-22"	0	8897	98	103.42857142857143	"South Korea"	"2020-03-22"	104	2	6	"KOR"	false	"South Korea"	2909	312.85714285714283	0	0		"JHU COVID-19 Data Repository"	49.511	31.055	12.836	26	14
"KOR_2020-03-23"	0	8961	64	96.57142857142857	"South Korea"	"2020-03-23"	111	7	5.714285714285714	"KOR"	false	"South Korea"	3166	372	0	0		"JHU COVID-19 Data Repository"	57.762	32.055	13.863	27	15
"KOR_2020-03-24"	0	9037	76	97.14285714285714	"South Korea"	"2020-03-24"	120	9	6.428571428571429	"KOR"	false	"South Korea"	3507	426.85714285714283	0	0		"JHU COVID-19 Data Repository"	63.013	33.055	12.16	28	16
"KOR_2020-03-25"	0	9137	100	97	"South Korea"	"2020-03-25"	126	6	6	"KOR"	false	"South Korea"	3730	467.2857142857143	0	0		"JHU COVID-19 Data Repository"	77.016	34.055	12.16	29	17
"KOR_2020-03-26"	0	9241	104	98	"South Korea"	"2020-03-26"	131	5	6.857142857142857	"KOR"	false	"South Korea"	4144	303.42857142857144	0	0		"JHU COVID-19 Data Repository"	69.315	35.055	11.748	30	18
"KOR_2020-03-27"	0	9332	91	100	"South Korea"	"2020-03-27"	139	8	6.714285714285714	"KOR"	false	"South Korea"	4528	294.57142857142856	0	0		"JHU COVID-19 Data Repository"	69.315	36.055	12.836	31	19
"KOR_2020-03-28"	0	9478	146	107	"South Korea"	"2020-03-28"	144	5	6	"KOR"	false	"South Korea"	4811	271.57142857142856	0	0		"JHU COVID-19 Data Repository"	57.762	37.055	15.068	32	20
"KOR_2020-03-29"	0	9583	105	107.14285714285714	"South Korea"	"2020-03-29"	152	8	5.571428571428571	"KOR"	false	"South Korea"	5033	262.42857142857144	0	0		"JHU COVID-19 Data Repository"	57.762	38.055	14.748	33	21
"KOR_2020-03-30"	0	9661	78	105	"South Korea"	"2020-03-30"	158	6	5.428571428571429	"KOR"	false	"South Korea"	5228	240.57142857142858	0	0		"JHU COVID-19 Data Repository"	57.762	39.055	15.068	34	22
"KOR_2020-03-31"	0	9786	125	104.28571428571429	"South Korea"	"2020-03-31"	162	4	5	"KOR"	false	"South Korea"	5408	213.28571428571428	0	0		"JHU COVID-19 Data Repository"	63.013	40.055	17.329	35	23
"KOR_2020-04-01"	0	9887	101	96.85714285714286	"South Korea"	"2020-04-01"	165	3	4.714285714285714	"KOR"	false	"South Korea"	5567	216.28571428571428	0	0	0	"JHU COVID-19 Data Repository"	63.013	41.055	20.387	36	24
"KOR_2020-04-02"	0	9976	89	93.42857142857143	"South Korea"	"2020-04-02"	169	4	4.428571428571429	"KOR"	false	"South Korea"	5828	204.28571428571428	0	0	0	"JHU COVID-19 Data Repository"	69.315	42.055	26.66	37	25
"KOR_2020-04-03"	0	10062	86	89	"South Korea"	"2020-04-03"	174	5	4	"KOR"	false	"South Korea"	6021	195.71428571428572	0	0	0	"JHU COVID-19 Data Repository"	69.315	43.055	28.881	38	26
"KOR_2020-04-04"	0	10156	94	77.85714285714286	"South Korea"	"2020-04-04"	177	3	4.285714285714286	"KOR"	false	"South Korea"	6325	183.71428571428572	0	0	0	"JHU COVID-19 Data Repository"	77.016	44.055	30.137	39	27
"KOR_2020-04-05"	0	10237	81	71	"South Korea"	"2020-04-05"	183	6	5	"KOR"	false	"South Korea"	6463	172.71428571428572	0	0	0	"JHU COVID-19 Data Repository"	77.016	45.055	27.726	40	28
"KOR_2020-04-06"	0	10284	47	63.857142857142854	"South Korea"	"2020-04-06"	186	3	5	"KOR"	false	"South Korea"	6598	163.57142857142858	0	0	0	"JHU COVID-19 Data Repository"	86.643	46.055	28.881	41	29
"KOR_2020-04-07"	0	10331	47	55.42857142857143	"South Korea"	"2020-04-07"	192	6	4.857142857142857	"KOR"	false	"South Korea"	6694	156.57142857142858	0	0	0	"JHU COVID-19 Data Repository"	99.021	47.055	27.726	42	30
"KOR_2020-04-08"	0	10384	53	46.285714285714285	"South Korea"	"2020-04-08"	200	8	4.857142857142857	"KOR"	false	"South Korea"	6776	131.14285714285714	0	0	0	"JHU COVID-19 Data Repository"	138.629	48.055	23.902	43	31
"KOR_2020-04-09"	0	10423	39	39.285714285714285	"South Korea"	"2020-04-09"	204	4	4.428571428571429	"KOR"	false	"South Korea"	6973	129.28571428571428	0	0	0	"JHU COVID-19 Data Repository"	138.629	49.055	23.902	44	32
"KOR_2020-04-10"	0	10450	27	36.142857142857146	"South Korea"	"2020-04-10"	208	4	4.428571428571429	"KOR"	false	"South Korea"	7117	121.28571428571429	0	0	0	"JHU COVID-19 Data Repository"	173.287	50.055	24.755	45	33
"KOR_2020-04-11"	0	10480	30	33.285714285714285	"South Korea"	"2020-04-11"	211	3	4.285714285714286	"KOR"	false	"South Korea"	7243	120	0	0	0	"JHU COVID-19 Data Repository"	231.049	51.055	30.137	46	34
"KOR_2020-04-12"	0	10512	32	29.571428571428573	"South Korea"	"2020-04-12"	214	3	3.5714285714285716	"KOR"	false	"South Korea"	7368	120	0	0	0	"JHU COVID-19 Data Repository"	231.049	52.055	40.773	47	35
"KOR_2020-04-13"	0	10537	25	27.142857142857142	"South Korea"	"2020-04-13"	217	3	3.5714285714285716	"KOR"	false	"South Korea"	7447	112	0	0	0	"JHU COVID-19 Data Repository"	231.049	53.055	46.21	48	36
"KOR_2020-04-14"	0	10564	27	26.428571428571427	"South Korea"	"2020-04-14"	222	5	3.142857142857143	"KOR"	false	"South Korea"	7534	101.71428571428571	0	0	0	"JHU COVID-19 Data Repository"	231.049	54.055	43.322	49	37
"KOR_2020-04-15"	0	10591	27	24.714285714285715	"South Korea"	"2020-04-15"	225	3	3	"KOR"	false	"South Korea"	7616	99.14285714285714	0	0	0	"JHU COVID-19 Data Repository"	231.049	55.055	40.773	50	38
"KOR_2020-04-16"	0	10613	22	21.285714285714285	"South Korea"	"2020-04-16"	229	4	2.857142857142857	"KOR"	false	"South Korea"	7757	96.28571428571429	0	0	0	"JHU COVID-19 Data Repository"	346.574	56.055	40.773	51	39
"KOR_2020-04-17"	0	10635	22	19.571428571428573	"South Korea"	"2020-04-17"	230	1	2.7142857142857144	"KOR"	false	"South Korea"	7829	95.28571428571429	0	0	0	"JHU COVID-19 Data Repository"	346.574	57.055	46.21	52	40
"KOR_2020-04-18"	0	10653	18	17	"South Korea"	"2020-04-18"	232	2	2.142857142857143	"KOR"	false	"South Korea"	7937	97	0	0	0	"JHU COVID-19 Data Repository"	346.574	58.055	63.013	53	41
"KOR_2020-04-19"	0	10661	8	14.714285714285714	"South Korea"	"2020-04-19"	234	2	1.8571428571428572	"KOR"	false	"South Korea"	8042	94.42857142857143	0	0	0	"JHU COVID-19 Data Repository"	346.574	59.055	77.016	54	42
"KOR_2020-04-20"	0	10674	13	13.571428571428571	"South Korea"	"2020-04-20"	236	2	1.5714285714285714	"KOR"	false	"South Korea"	8114	106.28571428571429	0	0	0	"JHU COVID-19 Data Repository"	693.147	60.055	86.643	55	43
"KOR_2020-04-21"	0	10683	9	11.857142857142858	"South Korea"	"2020-04-21"	237	1	1.4285714285714286	"KOR"	false	"South Korea"	8213	115.14285714285714	0	0	0	"JHU COVID-19 Data Repository"	693.147	61.055	86.643	56	44
"KOR_2020-04-22"	0	10694	11	10.714285714285714	"South Korea"	"2020-04-22"	238	1	1.4285714285714286	"KOR"	false	"South Korea"	8277	111.42857142857143	0	0	0	"JHU COVID-19 Data Repository"	693.147	62.055	115.525	57	45
"KOR_2020-04-23"	0	10708	14	11	"South Korea"	"2020-04-23"	240	2	1.2857142857142858	"KOR"	false	"South Korea"	8501	103.14285714285714	0	0	0	"JHU COVID-19 Data Repository"	693.147	63.055	115.525	58	46
"KOR_2020-04-24"	0	10718	10	11.142857142857142	"South Korea"	"2020-04-24"	240	0	1.1428571428571428	"KOR"	false	"South Korea"	8635	105.71428571428571	0	0	0	"JHU COVID-19 Data Repository"	693.147	64.055	138.629	59	47
"KOR_2020-04-25"	0	10728	10	11.142857142857142	"South Korea"	"2020-04-25"	242	2	1.2857142857142858	"KOR"	false	"South Korea"	8717	101.28571428571429	0	0	0	"JHU COVID-19 Data Repository"	693.147	65.055	138.629	60	48
"KOR_2020-04-26"	0	10738	10	10.142857142857142	"South Korea"	"2020-04-26"	243	1	1.2857142857142858	"KOR"	false	"South Korea"	8764	111.71428571428571	0	0	0	"JHU COVID-19 Data Repository"	693.147	66.055	138.629	61	49
"KOR_2020-04-27"	0	10752	14	9.428571428571429	"South Korea"	"2020-04-27"	244	1	1.1428571428571428	"KOR"	false	"South Korea"	8854	81.57142857142857	0	0	0	"JHU COVID-19 Data Repository"	693.147	67.055	138.629	62	50
"KOR_2020-04-28"	0	10761	9	8.857142857142858	"South Korea"	"2020-04-28"	246	2	1.4285714285714286	"KOR"	false	"South Korea"	8922	69.71428571428571	0	0	0	"JHU COVID-19 Data Repository"	693.147	68.055	115.525	63	51
"KOR_2020-04-29"	0	10765	4	9.285714285714286	"South Korea"	"2020-04-29"	247	1	1.1428571428571428	"KOR"	false	"South Korea"	9059	66.57142857142857	0	0	0	"JHU COVID-19 Data Repository"	693.147	69.055	138.629	64	52
"KOR_2020-04-30"	0	10774	9	9	"South Korea"	"2020-04-30"	248	1	1.2857142857142858	"KOR"	false	"South Korea"	9072	64.71428571428571	0	0	0	"JHU COVID-19 Data Repository"	693.147	70.055	138.629	65	53
"KOR_2020-05-01"	0	10780	6	7.428571428571429	"South Korea"	"2020-05-01"	250	2	1.4285714285714286	"KOR"	false	"South Korea"	9123	61.285714285714285	0	0	0	"JHU COVID-19 Data Repository"	693.147	71.055	115.525	66	54
"KOR_2020-05-02"	0	10793	13	6.428571428571429	"South Korea"	"2020-05-02"	250	0	1.2857142857142858	"KOR"	false	"South Korea"	9183	58.714285714285715	0	0	0	"JHU COVID-19 Data Repository"	693.147	72.055	173.287	67	55
"KOR_2020-05-03"	0	10801	8	6.428571428571429	"South Korea"	"2020-05-03"	252	2	1.2857142857142858	"KOR"	false	"South Korea"	9217	51.42857142857143	0	0	0	"JHU COVID-19 Data Repository"	693.147	73.055	138.629	68	56
"KOR_2020-05-04"	0	10804	3	6.857142857142857	"South Korea"	"2020-05-04"	254	2	1.1428571428571428	"KOR"	false	"South Korea"	9283	58.857142857142854	0	0	0	"JHU COVID-19 Data Repository"	693.147	74.055	115.525	69	57
"KOR_2020-05-05"	0	10806	2	8.571428571428571	"South Korea"	"2020-05-05"	255	1	0.8571428571428571	"KOR"	false	"South Korea"	9333	63.57142857142857	0	0	0	"JHU COVID-19 Data Repository"	693.147	75.055	115.525	70	58
"KOR_2020-05-06"	0	10810	4	11.571428571428571	"South Korea"	"2020-05-06"	256	1	0.8571428571428571	"KOR"	false	"South Korea"	9419	61	0	0	0	"JHU COVID-19 Data Repository"		76.055	115.525	71	59
"KOR_2020-05-07"	0	10822	12	15.428571428571429	"South Korea"	"2020-05-07"	256	0	0.5714285714285714	"KOR"	false	"South Korea"	9484	59.285714285714285	0	0	0	"JHU COVID-19 Data Repository"		77.055	173.287	72	60
"KOR_2020-05-08"	0	10840	18	18.857142857142858	"South Korea"	"2020-05-08"	256	0	0.5714285714285714	"KOR"	false	"South Korea"	9568	55.285714285714285	0	0	0	"JHU COVID-19 Data Repository"	693.147	78.055	346.574	73	61
"KOR_2020-05-09"	0	10874	34	22.285714285714285	"South Korea"	"2020-05-09"	256	0	0.5714285714285714	"KOR"	false	"South Korea"	9610	51.714285714285715	0	0	0	"JHU COVID-19 Data Repository"	346.574	79.055	693.147	74	62
"KOR_2020-05-10"	0	10909	35	25.857142857142858	"South Korea"	"2020-05-10"	256	0	0.5714285714285714	"KOR"	false	"South Korea"	9632	49	0	0	0	"JHU COVID-19 Data Repository"	346.574	80.055		75	63
"KOR_2020-05-11"	0	10936	27	28	"South Korea"	"2020-05-11"	258	2	0.5714285714285714	"KOR"	false	"South Korea"	9670	48.142857142857146	0	0	0	"JHU COVID-19 Data Repository"	231.049	81.055	346.574	76	64
"KOR_2020-05-12"	0	10962	26	28.142857142857142	"South Korea"	"2020-05-12"	259	1	0.8571428571428571	"KOR"	false	"South Korea"	9695	40.42857142857143	0	0	0	"JHU COVID-19 Data Repository"	231.049	82.055	231.049	77	65
"KOR_2020-05-13"	0	10991	29	25.142857142857142	"South Korea"	"2020-05-13"	260	1	0.8571428571428571	"KOR"	false	"South Korea"	9762	39.714285714285715	0	0	0	"JHU COVID-19 Data Repository"	231.049	83.055	173.287	78	66
"KOR_2020-05-14"	0	11018	27	22.285714285714285	"South Korea"	"2020-05-14"	260	0	1	"KOR"	false	"South Korea"	9821	38.857142857142854	0	0	0	"JHU COVID-19 Data Repository"	346.574	84.055	173.287	79	67
"KOR_2020-05-15"	0	11037	19	20.285714285714285	"South Korea"	"2020-05-15"	262	2	0.7142857142857143	"KOR"	false	"South Korea"	9851	38.285714285714285	0	0	0	"JHU COVID-19 Data Repository"	346.574	85.055	231.049	80	68
"KOR_2020-05-16"	0	11050	13	21.142857142857142	"South Korea"	"2020-05-16"	262	0	0.5714285714285714	"KOR"	false	"South Korea"	9888	53	0	0	0	"JHU COVID-19 Data Repository"	346.574	86.055	231.049	81	69
"KOR_2020-05-17"	0	11065	15	18.714285714285715	"South Korea"	"2020-05-17"	263	1	0.5714285714285714	"KOR"	false	"South Korea"	9904	53.285714285714285	0	0	0	"JHU COVID-19 Data Repository"	346.574	87.055	231.049	82	70
"KOR_2020-05-18"	0	11078	13	17.714285714285715	"South Korea"	"2020-05-18"	263	0	0.5714285714285714	"KOR"	false	"South Korea"	9938	48.714285714285715	0	0	0	"JHU COVID-19 Data Repository"	693.147	88.055	231.049	83	71
"KOR_2020-05-19"	0	11110	32	18.285714285714285	"South Korea"	"2020-05-19"	263	0	0.5714285714285714	"KOR"	false	"South Korea"	10066	49	0	0	0	"JHU COVID-19 Data Repository"	346.574	89.055	693.147	84	72
"KOR_2020-05-20"	0	11122	12	20	"South Korea"	"2020-05-20"	264	1	0.5714285714285714	"KOR"	false	"South Korea"	10135	46.42857142857143	0	0	0	"JHU COVID-19 Data Repository"	346.574	90.055	346.574	85	73
"KOR_2020-05-21"	0	11142	20	20.142857142857142	"South Korea"	"2020-05-21"	264	0	0.5714285714285714	"KOR"	false	"South Korea"	10162	46	0	0	0	"JHU COVID-19 Data Repository"	346.574	91.055	693.147	86	74
"KOR_2020-05-22"	0	11165	23	21	"South Korea"	"2020-05-22"	266	2	0.8571428571428571	"KOR"	false	"South Korea"	10194	48.142857142857146	0	0	0	"JHU COVID-19 Data Repository"	346.574	92.055	231.049	87	75
"KOR_2020-05-23"	0	11190	25	22.142857142857142	"South Korea"	"2020-05-23"	266	0	0.8571428571428571	"KOR"	false	"South Korea"	10213	32.714285714285715	0	0	0	"JHU COVID-19 Data Repository"	346.574	93.055	231.049	88	76
"KOR_2020-05-24"	0	11206	16	31.714285714285715	"South Korea"	"2020-05-24"	267	1	0.7142857142857143	"KOR"	false	"South Korea"	10226	29.285714285714285	0	0	0	"JHU COVID-19 Data Repository"	346.574	94.055	231.049	89	77
"KOR_2020-05-25"	0	11225	19	37.142857142857146	"South Korea"	"2020-05-25"	269	2	0.7142857142857143	"KOR"	false	"South Korea"	10275	28.714285714285715	0	0	0	"JHU COVID-19 Data Repository"	346.574	95.055	173.287	90	78
"KOR_2020-05-26"	0	11265	40	39.42857142857143	"South Korea"	"2020-05-26"	269	0	0.42857142857142855	"KOR"	false	"South Korea"	10295	29.142857142857142	0	0	0	"JHU COVID-19 Data Repository"	346.574	96.055	231.049	91	79
"KOR_2020-05-27"	0	11344	79	39.714285714285715	"South Korea"	"2020-05-27"	269	0	0.5714285714285714	"KOR"	false	"South Korea"	10340	27.428571428571427	0	0	0	"JHU COVID-19 Data Repository"	231.049	97.055	231.049	92	80
"KOR_2020-05-28"	0	11402	58	42.42857142857143	"South Korea"	"2020-05-28"	269	0	0.5714285714285714	"KOR"	false	"South Korea"	10363	28	0	0	0	"JHU COVID-19 Data Repository"	138.629	98.055	693.147	93	81
"KOR_2020-05-29"	0	11441	39	45.142857142857146	"South Korea"	"2020-05-29"	269	0	0.42857142857142855	"KOR"	false	"South Korea"	10398	24.428571428571427	0	0	0	"JHU COVID-19 Data Repository"	138.629	99.055		94	82
"KOR_2020-05-30"	0	11468	27	46.42857142857143	"South Korea"	"2020-05-30"	270	1	0.5714285714285714	"KOR"	false	"South Korea"	10405	24.571428571428573	0	0	0	"JHU COVID-19 Data Repository"	173.287	100.055	693.147	95	83
"KOR_2020-05-31"	0	11503	35	40.714285714285715	"South Korea"	"2020-05-31"	271	1	0.5714285714285714	"KOR"	false	"South Korea"	10422	22.714285714285715	0	0	0	"JHU COVID-19 Data Repository"	231.049	101.055	346.574	96	84
"KOR_2020-06-01"	0	11541	38	38	"South Korea"	"2020-06-01"	272	1	0.5714285714285714	"KOR"	false	"South Korea"	10446	20.428571428571427	0	0	0	"JHU COVID-19 Data Repository"	231.049	102.055	231.049	97	85
"KOR_2020-06-02"	0	11590	49	39.714285714285715	"South Korea"	"2020-06-02"	273	1	0.5714285714285714	"KOR"	false	"South Korea"	10467	19	0	0	0	"JHU COVID-19 Data Repository"	231.049	103.055	173.287	98	86
"KOR_2020-06-03"	0	11629	39	44	"South Korea"	"2020-06-03"	273	0	0.42857142857142855	"KOR"	false	"South Korea"	10499	21	0	0	0	"JHU COVID-19 Data Repository"	173.287	104.055	231.049	99	87
"KOR_2020-06-04"	0	11668	39	44.42857142857143	"South Korea"	"2020-06-04"	273	0	0.2857142857142857	"KOR"	false	"South Korea"	10506	20.142857142857142	0	0	0	"JHU COVID-19 Data Repository"	173.287	105.055	346.574	100	88
"KOR_2020-06-05"	0	11719	51	44.42857142857143	"South Korea"	"2020-06-05"	273	0	0.2857142857142857	"KOR"	false	"South Korea"	10531	20.428571428571427	0	0	0	"JHU COVID-19 Data Repository"	173.287	106.055	693.147	101	89
"KOR_2020-06-06"	0	11776	57	44.57142857142857	"South Korea"	"2020-06-06"	273	0	0.42857142857142855	"KOR"	false	"South Korea"	10552	20.571428571428573	0	0	0	"JHU COVID-19 Data Repository"	173.287	107.055		102	90
"KOR_2020-06-07"	0	11814	38	45.42857142857143	"South Korea"	"2020-06-07"	273	0	0.42857142857142855	"KOR"	false	"South Korea"	10563	22.142857142857142	0	0	0	"JHU COVID-19 Data Repository"	173.287	108.055		103	91
"KOR_2020-06-08"	0	11852	38	47.857142857142854	"South Korea"	"2020-06-08"	274	1	0.5714285714285714	"KOR"	false	"South Korea"	10589	23.285714285714285	0	0	0	"JHU COVID-19 Data Repository"	173.287	109.055	693.147	104	92
"KOR_2020-06-09"	0	11902	50	47.42857142857143	"South Korea"	"2020-06-09"	276	2	0.5714285714285714	"KOR"	false	"South Korea"	10611	22.857142857142858	0	0	0	"JHU COVID-19 Data Repository"	173.287	110.055	231.049	105	93
"KOR_2020-06-10"	0	11947	45	44.142857142857146	"South Korea"	"2020-06-10"	276	0	0.5714285714285714	"KOR"	false	"South Korea"	10654	23.714285714285715	0	0	0	"JHU COVID-19 Data Repository"	173.287	111.055	231.049	106	94
"KOR_2020-06-11"	0	12003	56	43.857142857142854	"South Korea"	"2020-06-11"	277	1	0.5714285714285714	"KOR"	false	"South Korea"	10669	23.857142857142858	0	0	0	"JHU COVID-19 Data Repository"	173.287	112.055	173.287	107	95
"KOR_2020-06-12"	0	12051	48	43.285714285714285	"South Korea"	"2020-06-12"	277	0	0.5714285714285714	"KOR"	false	"South Korea"	10691	24.428571428571427	0	0	0	"JHU COVID-19 Data Repository"	173.287	113.055	231.049	108	96
"KOR_2020-06-13"	0	12085	34	42.285714285714285	"South Korea"	"2020-06-13"	277	0	0.42857142857142855	"KOR"	false	"South Korea"	10718	23.285714285714285	0	0	0	"JHU COVID-19 Data Repository"	173.287	114.055	693.147	109	97
"KOR_2020-06-14"	0	12121	36	44.285714285714285	"South Korea"	"2020-06-14"	277	0	0.5714285714285714	"KOR"	false	"South Korea"	10730	20.857142857142858	0	0	0	"JHU COVID-19 Data Repository"	173.287	115.055	693.147	110	98
"KOR_2020-06-15"	0	12155	34	43.285714285714285	"South Korea"	"2020-06-15"	278	1	0.42857142857142855	"KOR"	false	"South Korea"	10760	23.714285714285715	0	0	0	"JHU COVID-19 Data Repository"	231.049	116.055	693.147	111	99
"KOR_2020-06-16"	0	12198	43	46	"South Korea"	"2020-06-16"	279	1	0.42857142857142855	"KOR"	false	"South Korea"	10774	23.571428571428573	0	0	0	"JHU COVID-19 Data Repository"	231.049	117.055	346.574	112	100
"KOR_2020-06-17"	0	12257	59	48	"South Korea"	"2020-06-17"	280	1	0.42857142857142855	"KOR"	false	"South Korea"	10800	21.428571428571427	0	0	0	"JHU COVID-19 Data Repository"	231.049	118.055	231.049	113	101
"KOR_2020-06-18"	0	12306	49	45.285714285714285	"South Korea"	"2020-06-18"	280	0	0.42857142857142855	"KOR"	false	"South Korea"	10835	21.571428571428573	0	0	0	"JHU COVID-19 Data Repository"	173.287	119.055	231.049	114	102
"KOR_2020-06-19"	0	12373	67	47	"South Korea"	"2020-06-19"	280	0	0.42857142857142855	"KOR"	false	"South Korea"	10856	21.142857142857142	0	0	0	"JHU COVID-19 Data Repository"	173.287	120.055	346.574	115	103
"KOR_2020-06-20"	0	12421	48	48.142857142857146	"South Korea"	"2020-06-20"	280	0	0.2857142857142857	"KOR"	false	"South Korea"	10868	22.285714285714285	0	0	0	"JHU COVID-19 Data Repository"	138.629	121.055	693.147	116	104
"KOR_2020-06-21"	0	12438	17	43.714285714285715	"South Korea"	"2020-06-21"	280	0	0.2857142857142857	"KOR"	false	"South Korea"	10881	24.857142857142858	0	0	0	"JHU COVID-19 Data Repository"	173.287	122.055		117	105
"KOR_2020-06-22"	0	12484	46	42.285714285714285	"South Korea"	"2020-06-22"	281	1	0.2857142857142857	"KOR"	false	"South Korea"	10908	48.142857142857146	0	0	0	"JHU COVID-19 Data Repository"	231.049	123.055	693.147	118	106
"KOR_2020-06-23"	0	12535	51	40	"South Korea"	"2020-06-23"	281	0	0.2857142857142857	"KOR"	false	"South Korea"	10930	65.85714285714286	0	0	0	"JHU COVID-19 Data Repository"	231.049	124.055	693.147	119	107
"KOR_2020-06-24"	0	12563	28	42	"South Korea"	"2020-06-24"	282	1	0.2857142857142857	"KOR"	false	"South Korea"	10974	70.85714285714286	0	0	0	"JHU COVID-19 Data Repository"	231.049	125.055	346.574	120	108
"KOR_2020-06-25"	0	12602	39	45.57142857142857	"South Korea"	"2020-06-25"	282	0	0.2857142857142857	"KOR"	false	"South Korea"	11172	78.28571428571429	0	0	0	"JHU COVID-19 Data Repository"	231.049	126.055	346.574	121	109
"KOR_2020-06-26"	0	12653	51	45.142857142857146	"South Korea"	"2020-06-26"	282	0	0.14285714285714285	"KOR"	false	"South Korea"	11317	89.85714285714286	0	0	0	"JHU COVID-19 Data Repository"	231.049	127.055	693.147	122	110
"KOR_2020-06-27"	0	12715	62	45	"South Korea"	"2020-06-27"	282	0	0.14285714285714285	"KOR"	false	"South Korea"	11364	97.57142857142857	0	0	0	"JHU COVID-19 Data Repository"	173.287	128.055	693.147	123	111
"KOR_2020-06-28"	0	12757	42	48.714285714285715	"South Korea"	"2020-06-28"	282	0	0	"KOR"	false	"South Korea"	11429	101.42857142857143	0	0	0	"JHU COVID-19 Data Repository"	173.287	129.055		124	112
"KOR_2020-06-29"	0	12800	43	52.142857142857146	"South Korea"	"2020-06-29"	282	0	0	"KOR"	false	"South Korea"	11537	83.85714285714286	0	0	0	"JHU COVID-19 Data Repository"	173.287	130.055		125	113
"KOR_2020-06-30"	0	12850	50	53.857142857142854	"South Korea"	"2020-06-30"	282	0	0.14285714285714285	"KOR"	false	"South Korea"	11613	70.57142857142857	0	0	0	"JHU COVID-19 Data Repository"	173.287	131.055		126	114
"KOR_2020-07-01"	0	12904	54	53.714285714285715	"South Korea"	"2020-07-01"	282	0	0.14285714285714285	"KOR"	false	"South Korea"	11684	66.85714285714286	0	0	0	"JHU COVID-19 Data Repository"	173.287	132.055		127	115
"KOR_2020-07-02"	0	12967	63	54.285714285714285	"South Korea"	"2020-07-02"	282	0	0.2857142857142857	"KOR"	false	"South Korea"	11759	59.857142857142854	0	0	0	"JHU COVID-19 Data Repository"	173.287	133.055		128	116
"KOR_2020-07-03"	0	13030	63	54.42857142857143	"South Korea"	"2020-07-03"	283	1	0.42857142857142855	"KOR"	false	"South Korea"	11811	53.857142857142854	0	0	0	"JHU COVID-19 Data Repository"	173.287	134.055	693.147	129	117
"KOR_2020-07-04"	0	13091	61	56.285714285714285	"South Korea"	"2020-07-04"	283	0	0.42857142857142855	"KOR"	false	"South Korea"	11832	51	0	0	0	"JHU COVID-19 Data Repository"	138.629	135.055	693.147	130	118
"KOR_2020-07-05"	0	13137	46	55.57142857142857	"South Korea"	"2020-07-05"	284	1	0.7142857142857143	"KOR"	false	"South Korea"	11848	47.857142857142854	0	0	0	"JHU COVID-19 Data Repository"	138.629	136.055	346.574	131	119
"KOR_2020-07-06"	0	13181	44	53	"South Korea"	"2020-07-06"	285	1	0.8571428571428571	"KOR"	false	"South Korea"	11914	43.714285714285715	0	0	0	"JHU COVID-19 Data Repository"	173.287	137.055	346.574	132	120
"KOR_2020-07-07"	0	13244	63	49	"South Korea"	"2020-07-07"	285	0	0.7142857142857143	"KOR"	false	"South Korea"	11970	47.57142857142857	0	0	0	"JHU COVID-19 Data Repository"	173.287	138.055	346.574	133	121
"KOR_2020-07-08"	0	13293	49	46.57142857142857	"South Korea"	"2020-07-08"	287	2	0.8571428571428571	"KOR"	false	"South Korea"	12019	49.42857142857143	0	0	0	"JHU COVID-19 Data Repository"	173.287	139.055	231.049	134	122
"KOR_2020-07-09"	0	13338	45	48.857142857142854	"South Korea"	"2020-07-09"	288	1	0.7142857142857143	"KOR"	false	"South Korea"	12065	50.857142857142854	0	0	0	"JHU COVID-19 Data Repository"	173.287	140.055	231.049	135	123
"KOR_2020-07-10"	0	13373	35	47.285714285714285	"South Korea"	"2020-07-10"	288	0	0.5714285714285714	"KOR"	false	"South Korea"	12144	52.57142857142857	0	0	0	"JHU COVID-19 Data Repository"	173.287	141.055	231.049	136	124
"KOR_2020-07-11"	0	13417	44	43.857142857142854	"South Korea"	"2020-07-11"	289	1	0.5714285714285714	"KOR"	false	"South Korea"	12178	54	0	0	0	"JHU COVID-19 Data Repository"	231.049	142.055	231.049	137	125
"KOR_2020-07-12"	0	13479	62	45.57142857142857	"South Korea"	"2020-07-12"	289	0	0.5714285714285714	"KOR"	false	"South Korea"	12204	53.857142857142854	0	0	0	"JHU COVID-19 Data Repository"	231.049	143.055	346.574	138	126
"KOR_2020-07-13"	0	13512	33	47.714285714285715	"South Korea"	"2020-07-13"	289	0	0.7142857142857143	"KOR"	false	"South Korea"	12282	56.42857142857143	0	0	0	"JHU COVID-19 Data Repository"	231.049	144.055	693.147	139	127
"KOR_2020-07-14"	0	13551	39	48.285714285714285	"South Korea"	"2020-07-14"	289	0	0.8571428571428571	"KOR"	false	"South Korea"	12348	53.57142857142857	0	0	0	"JHU COVID-19 Data Repository"	231.049	145.055	693.147	140	128
"KOR_2020-07-15"	0	13612	61	46.857142857142854	"South Korea"	"2020-07-15"	291	2	0.8571428571428571	"KOR"	false	"South Korea"	12396	54	0	0	0	"JHU COVID-19 Data Repository"	231.049	146.055	693.147	141	129
"KOR_2020-07-16"	0	13672	60	44.333333333333336	"South Korea"	"2020-07-16"	293	2	1	"KOR"	false	"South Korea"	12460	58.666666666666664	0	0	0	"JHU COVID-19 Data Repository"	173.287	147.055	231.049	142	130
"KOR_2020-07-17"	0	13711	39	46.6	"South Korea"	"2020-07-17"	294	1	1.2	"KOR"	false	"South Korea"	12519	54.8	0	0	0	"JHU COVID-19 Data Repository"	173.287	148.055	138.629	143	131
"KOR_2020-07-18"	0	13745	34	48.5	"South Korea"	"2020-07-18"	295	1	1.5	"KOR"	true	"South Korea"	12556	52	0	0	0	"JHU COVID-19 Data Repository"	173.287	149.055	138.629	144	132
